IPODate,CompanyName,StockCode,IPOValue,IPOPrice
2019-01-31,New Fortress Energy LLC,NFE,300.0M,15
2019-01-31,Pivotal Acquisition Corp,PVT_u,200.0M,10
2019-02-28,Super League Gaming Inc,SLGG,27.3M,10.00-12.00
2019-02-28,Tortoise Acquisition,SHLL_u,225.0M,10
2019-02-27,Kaleido Biosciences Inc,KLDO,104.8M,20.00-22.00
2019-02-19,Soliton,SOLY,10.9M,5
2019-02-15,Stealth BioTherapeutics Inc,MITO,86.8M,12.00-14.00
2019-02-15,Hoth Therapeutics,HOTH,,-
2019-02-14,TCR2 Therapeutics Inc,TCRR,80.0M,14.00-16.00
2019-02-14,Avedro Inc,AVDR,80.0M,14.00-16.00
2019-02-12,Anchiano Therapeutics Ltd,ANCN,34.9M,14.55
2019-02-11,BankFlorida,BFL,68.2M,9.50-10.50
2019-02-08,Gossamer Bio Inc,GOSS,230.0M,16
2019-02-08,Harpoon Therapeutics Inc,HARP,81.0M,13.00-15.00
2019-02-08,Rmg Acquisition Corp,RMG_u,2.0B,10
2019-02-08,Imac Holdings Inc,IMAC,4.3M,5
2019-02-07,Alector Inc,ALEC,185.0M,18.00-20.00
2019-02-07,Monocle Acquisition Corp,MNCLU,150.0M,10
2019-02-06,Wealthbridge Acquisition Ltd,HHHH,50.0M,10
2019-02-01,Gores Metropoulos Inc,GMHIU,375.0M,10
2019-03-29,Lyft,LYFT,2.2B,72
2019-03-28,Precision BioSciences Inc,DTIL,126.4M,16
2019-03-28,GENFIT S.A.,GNFT,131.7M,26.33
2019-03-21,Levi Strauss & Co,LEVI,623.3M,17
2019-03-21,Insurance Acquisition,INSUU,130.0M,10
2019-03-20,UP Fintech Holding,TIGR,104.0M,8
2019-03-15,Trine Acquisition Corp,TRNE_u,250.0M,10
2019-03-08,Futu Holdings,FHL,130.8M,12
2019-03-08,Crescent Acquisition Corp,CRSAU,250.0M,10
2019-03-07,Shockwave Medical,SWAV,85.0M,17
2019-03-05,Tuscan Holdings Corp,THCBU,240.0M,10
2019-03-01,Diamondpeak Holdings Corp,DPHCU,250.0M,10
2019-03-01,Hennessy Capital Acquisition Corp IV,HCACU,261.0M,10
2019-04-18,Pinterest Inc,PINS,1.4B,19
2019-04-18,Zoom Video Communications,ZM,751.3M,36
2019-04-18,Hookipa Pharma Inc,HOOK,93.3M,14
2019-04-18,Greenlane Holdings Inc,GNLN,90.7M,17
2019-04-18,Brigham Minerals Inc,MNRL,243.0M,18
2019-04-17,Palomar Holdings Inc,PLMR,84.4M,15
2019-04-17,Brainsway Ltd,BRIN,29.9M,11.94
2019-04-17,Turning Point Therapeutics Inc,TPTX,166.5M,18
2019-04-11,Jumia Technologies AG,JMIA,195.8M,14.5
2019-04-11,Pagerduty Inc,PD,217.7M,24
2019-04-11,Tufin Software Technologies Ltd,TUFN,107.8M,14
2019-04-04,NGM Biopharmaceuticals Inc,NGM,106.7M,16
2019-04-04,8I ENTERPRISES ACQUISITION CORP,JFKUU,50.0M,10
2019-04-04,Silk Road Medical Inc,SILK,93.8M,20
2019-04-04,Tradeweb Markets Inc,TW,736.3M,27
2019-04-04,Replay Acquisition Corp,RPLA_u,250.0M,10
2019-04-03,Ruhnn Holding Ltd,RUHN,125.0M,12.5
2019-05-23,Ideaya Biosciences Inc,IDYA,50.0M,10
2019-05-23,Rattler Midstream LP,RTLR,333.3M,10
2019-05-23,Bicycle Therapeutics LTD,BCYC,60.7M,14
2019-05-21,GX Acquisition Corp,GXGXU,250.0M,10
2019-05-16,Avantor Inc,AVTR,2.9B,14
2019-05-16,Fastly Inc,FSLY,180.0M,16
2019-05-16,Luckin Coffee,LK,510.0M,17
2019-05-15,Postal Realty Trust Inc,PSTL,85.0M,17
2019-05-14,Applied Therapeutics Inc,APLT,40.0M,10
2019-05-10,Uber Technologies Inc,UBER,8.1B,45
2019-05-09,Jiayin Group Inc,JFIN,,10.5
2019-05-09,Trevi Therapeutics Inc,TRVI,46.7M,10
2019-05-09,NextCure Inc,NXTC,75.0M,15
2019-05-09,Cortexyme Inc,CRTX,75.0M,17
2019-05-09,Mayville Engineering Co Inc,MEC,106.3M,17
2019-05-09,Milestone Pharmaceuticals Inc,MIST,75.0M,15
2019-05-09,Axcella Health Inc,AXLA,71.4M,20
2019-05-09,Sonim Technologies Inc,SONM,39.3M,11
2019-05-09,South Plains Financial Inc,SPFI,59.2M,17.5
2019-05-08,Parsons Corp,PSN,500.0M,27
2019-05-02,SciPlay Corp,SCPL,352.0M,16
2019-05-02,Red River Bancshares Inc,RRBI,27.0M,45
2019-05-02,So Young International Inc,SY,179.4M,13.8
2019-05-02,Yunji Inc,YJ,148.5M,11
2019-05-01,Beyond Meat Inc,BYND,218.8M,25
2019-05-01,TransMedics Group Inc,TMDX,91.0M,16
2019-06-28,Karuna Therapeutics Inc,KRTX,70.0M,16
2019-06-28,TheRealReal Inc,REAL,300.0M,20
2019-06-27,Morphic Holding Inc,MORF,75.0M,15
2019-06-27,Cambium Networks Corp,CMBM,69.6M,12
2019-06-27,Change Healthcare Inc,CHNG,557.1M,13
2019-06-27,BridgeBio Pharma Inc,BBIO,255.0M,17
2019-06-27,Adaptive Biotechnologies Corp,ADPT,250.0M,20
2019-06-20,Slack Technologies Inc,WORK,,26
2019-06-20,Prevail Therapeutics Inc,PRVL,125.0M,17
2019-06-20,Atreca Inc,BCEL,125.0M,17
2019-06-20,Akero Therapeutics Inc,AKRO,80.0M,16
2019-06-20,Personalis Inc,PSNL,113.3M,17
2019-06-20,Grocery Outlet Inc,GO,378.1M,22
2019-06-19,Stoke Therapeutics Inc,STOK,120.6M,18
2019-06-13,Fiverr International Ltd,FVRR,110.5M,21
2019-06-13,Chewy Inc,CHWY,873.6M,21
2019-06-12,Mohawk Group Holdings Inc,MWK,33.3M,10
2019-06-12,Crowdstrike Holdings Inc,CRWD,,34
2019-06-07,Revolve Group Inc,RVLV,,18
2019-07-26,Dermavant Sciences Inc,DRMT,107.8M,12.00-14.00
2019-07-26,Vista Oil Gas ADR,VIST,94.6M,9.46
2019-07-26,Blue Hat Interactive Entertainment,BHAT,,4
2019-07-25,Sunnova Energy International Inc,NOVA,211.8M,12
2019-07-25,Health Catalyst Inc,HCAT,156.0M,26
2019-07-25,Prosight Global Inc,PROS,123.5M,14
2019-07-25,Castle Biosciences Inc,CSTL,53.3M,16
2019-07-25,Livongo Health Inc,LVGO,299.6M,28
2019-07-25,Wanda Sports Group Co Ltd,WSG,266.7M,8
2019-07-25,Fellazo Inc,FLLCU,50.0M,10
2019-07-19,DouYu International Holdings,DOYU,775.0M,11.5
2019-07-19,Mirum Pharmaceuticals Inc,MIRM,75.0M,15
2019-07-19,Owl Rock Capital Corp,ORCC,1.5B,15.3
2019-07-19,Fulcrum Therapeutics Inc,FULC,72.0M,16
2019-07-19,Phreesia Inc,PHR,140.6M,18
2019-07-19,Medallia Inc,MDLA,304.5M,21
2019-07-19,Afya Ltd,AFYA,261.1M,19
2019-07-19,Intercorp Financial Services Inc,IFS,414.0M,46
2019-07-17,AssetMark Financial Holdings Inc,AMK,275.0M,22
2019-08-15,CrossFirst Bankshares Inc,CFB,103.1M,14.5
2019-08-15,9F Inc,JFU,84.6M,9.5
2019-08-08,InMode Ltd,INMD,70.0M,14
2019-08-07,Biovie Inc,BIVI,15.0M,11.88
2019-08-06,AMTD International Inc,HKIB,174.0M,8.38
2019-08-01,Dynatrace Holdings LLC,DT,569.6M,16
2019-08-01,Kura Sushi USA Inc,KRUS,40.6M,14
2019-08-01,Sundial Growers Inc,SNDL,130.0M,13
2019-09-25,Peloton Interactive Inc,PTON,1.2B,29
2019-09-25,Oportun Financial Corp,OPRT,93.8M,15
2019-09-19,Apex Technology Acquisition Corp,APTXU,275.0M,10
2019-09-19,Datadog Inc,DDOG,648.0M,27
2019-09-19,Exagen Inc,XGN,46.7M,14
2019-09-19,Ping Identity Holding Corp,PING,187.5M,15
2019-09-18,Envista Holdings Corp,NVST,588.9M,22
2019-09-18,IGM Biosciences Inc,IGMS,125.0M,16
2019-09-12,Cloudflare Inc,NET,525.0M,15
2019-09-12,Satsuma Pharmaceuticals Inc,STSA,75.0M,15
2019-09-12,SpringWorks Therapeutics Inc,SWTX,132.4M,18
2019-09-12,Alerus Financial Corp,ALRS,68.3M,21
2019-09-11,SmileDirectClub Inc,SDC,1.3B,23
2019-09-11,10X Genomics Inc,TXG,351.0M,39
2019-09-09,New Providence Acquisition Corp,NPAUU,200.0M,10
2019-09-09,Experience Investment Corp,EXPCU,250.0M,10
2019-09-05,Bellus Health,BLU,60.0M,7.03
2019-10-31,RAPT Therapeutics Inc,RAPT,60.0M,12
2019-10-31,Merida Merger I,MCMJU,100.0M,10
2019-10-31,Oyster Point Pharma Inc,OYST,80.0M,16
2019-10-31,Fangdd Network Group Ltd,DUO,91.0M,13
2019-10-25,Tff Pharmaceuticals Inc,TFFP,22.0M,5
2019-10-24,Phathom Pharmaceuticals Inc,PHAT,150.1M,19
2019-10-24,Progyny Inc,PGNY,130.0M,13
2019-10-24,Aesthetic Medical Intl Holding Ltd,AIH,30.0M,12
2019-10-24,Cabaletta Bio Inc,CABA,63.8M,11
2019-10-24,Youdao Inc,DAO,95.2M,17
2019-10-24,Happiness Biotech Group Ltd,HAPP,11.0M,5.5
2019-10-23,Brp Group Inc,BRP,229.6M,14
2019-10-23,Onewater Marine,ONEW,63.2M,18.00-20.00
2019-10-18,Union Acquisition Corp 2,LATNU,175.0M,10
2019-10-18,Galileo Acquisition Corp,GLEO_u,120.0M,10
2019-10-17,Bellring Brands LLC,BRBR,420.0M,14
2019-10-17,Hylete,HYLT,16.7M,8.00-10.00
2019-10-17,Innate Pharma SA,IPHA,80.0M,7.5
2019-10-10,Hbt Financial Inc,HBT,132.8M,16
2019-10-10,Vir Biotechnology Inc,VIR,142.9M,20
2019-10-09,Biontech Se,BNTX,198.0M,15
2019-10-02,Aprea Therapeutics Inc,APRE,75.0M,15
2019-10-02,Frequency Therapeutics Inc,FREQ,93.8M,14
2019-10-02,MetroCity Bankshares,MCBS,26.2M,13.5
2019-10-02,Viela Bio Inc,VIE,142.5M,19
2019-11-28,Proptech Acquisition,PTACU,150.0M,10
2019-11-28,Alussa Energy Acquisition Corp,ALUS_u,225.0M,10
2019-11-22,Amplitude Healthcare Acquisition Co,AMHCU,100.0M,10
2019-11-22,Lmp Automotive Holdings Inc,LMPX,19.4M,5.00-6.00
2019-11-22,Software Acquisition Group Inc,SAQNU,125.0M,10
2019-11-21,Alpine Income Property Trust Inc,PINE,142.5M,19
2019-11-21,Canaan Inc,CAN,90.0M,9
2019-11-21,Chp Merger Corp,CHPMU,250.0M,10
2019-11-20,Sitime Corporation,SITM,55.9M,13
2019-11-19,Yx Asset Recovery Ltd,YXR,90.5M,7.75-9.75
2019-11-19,Greenvision Acquisition Corp,GRNVU,50.0M,10
2019-11-13,Yayyo Inc,YAYO,10.5M,4
2019-11-08,Cns Pharmaceuticals Inc,CNSP,8.5M,4
2019-11-08,Juniper Industrial Holdings Inc,JIH,300.0M,10
2019-11-07,Leaping Group Co Ltd,YZCM,20.0M,5
2019-11-07,Lgl Systems Acquisition,DFNSU,125.0M,10
2019-11-07,Stable Road Acquisition Corp,SRACU,150.0M,10
2019-11-07,36Kr Holdings Inc,KRKR,20.0M,14.5
2019-11-07,89bio Inc,ETNB,70.0M,16
2019-11-07,Centogene B V,CNTG,56.0M,14
2019-11-07,Galera Therapeutics Inc,GRTX,60.0M,12
2019-11-07,Gfl Environmental Holdings Inc,GFL,2.1B,20.00-24.00
2019-11-07,Tela Bio Inc,TELA,52.0M,13
2019-11-07,Ecmoho Ltd,MOHO,44.2M,10.1
2019-11-06,Silvergate Capital Corp,SI,44.9M,12
2019-11-05,Q And K International Group Ltd,QK,45.9M,17
2019-11-01,Finserv Acquisition Corp,FSRVU,200.0M,10
2019-11-01,Osprey Technology Acquisition Corp,SFTW_u,250.0M,10
2019-12-30,Molecular Data Inc,MKD,61.9M,5.38
2019-12-19,Monopar Therapeutics Inc,MNPR,8.9M,8
2019-12-19,Anpac Bio Medical Science Co Ltd,ANPC,23.3M,12.00-14.00
2019-12-19,Indonesia Energy,INDO,16.5M,11
2019-12-13,Ciig Merger Corp,CIICU,225.0M,10
2019-12-13,Healthcare Merger Corp,HCCOU,200.0M,10
2019-12-12,Bill Com Holdings Inc,BILL,194.1M,22
2019-12-12,Oneconnect Financial Technology Co,OCFT,504.0M,9.00-10.00
2019-12-12,Sprout Social Inc,SPT,150.0M,17
2019-12-12,Xp Inc,XP,2.0B,27
2019-12-12,Ehang Holdings Ltd,EH,40.0M,12.5
2019-12-11,Liv Capital Acquisition Corp,LIVKU,70.0M,10
2020-02-28,Passage Bio Inc,PASG,133.2M,18
2020-02-13,Revolution Medicines Inc,RVMD,170.0M,17
2020-02-13,Huize Holding Ltd,HUIZ,48.8M,10.5
2020-02-13,Tfi International,TFII,198.9M,33.15
2020-02-13,Greenrose Acquisition Corp,GNRSU,150.0M,10
2020-02-13,Citic Capital Acquisition Corp,CCAC_u,200.0M,10
2020-02-06,Beam Therapeutics Inc,BEAM,106.3M,17
2020-02-06,Casper Sleep Inc,CSPR,100.2M,12
2020-02-06,Nexpoint Real Estate Finance Inc,NREF,95.0M,19
2020-02-06,Ppd Inc,PPD,1.6B,27
2020-02-06,Schrodinger Inc,SDGR,170.0M,17
2020-01-30,1Life Healthcare Inc,ONEM,245.0M,14
2020-01-30,Arcutis Biotherapeutics Inc,ARQT,132.8M,17
2020-01-30,Black Diamond Therapeutics Inc,BDTX,169.1M,19
2020-01-30,Reynolds Consumer Products Inc,REYN,1.2B,26
2020-01-30,Interprivate Acquisition Corp,IPV_u,175.0M,10
2020-01-29,Annovis Bio Inc,ANVS,8.6M,6
2020-01-24,Scvx Corp,SCVX_u,200.0M,10
2020-01-24,Gores Holdings IV Inc,GHIVU,400.0M,10
2020-01-16,I Mab,IMAB,103.7M,14
2020-01-16,Velocity Financial Llc,VEL,94.3M,13
2020-01-16,Lizhi Inc,LIZI,45.1M,11
2020-01-16,Phoenix Tree Holdings Ltd,DNK,143.1M,13.5
2020-04-23,China Liberal Education Holdings,CLEU,8.0M,6
2020-04-23,Oric Pharmaceuticals Inc,ORIC,80.0M,16
2020-04-22,Social Capital Hedosophia Holdings,IPOC_u,600.0M,10
2020-04-09,Keros Therapeutics Inc,KROS,80.0M,16
2020-04-02,WiMi Hologram Cloud Inc,WIMI,27.5M,5.5
2020-04-02,Zentalis Pharmaceuticals LLC,ZNTL,137.7M,18
2020-03-19,F5 Finishes Inc,FLRZ,40.0M,7.00-8.00
2020-03-19,Collective Growth Corp,CGROU,150.0M,10
2020-03-12,Imara Inc,IMRA,71.2M,16
2020-03-12,Dfp Healthcare Acquisitions Corp,DFPHU,200.0M,10
2020-03-05,Lifesci Acquisition Corp,LSACU,50.0M,10
2020-06-25,Albertsons Companies,ACI,1.1B,16
2020-06-25,Brilliant Acquisition Corp,BRLIU,40.0M,10
2020-06-25,Ebang International Holdings,EBON,101.1M,5.23
2020-06-25,Agora Inc,API,350.0M,20
2020-06-25,Akouos Inc,AKUS,141.7M,17
2020-06-25,Fusion Pharmaceuticals Inc,FUSN,142.0M,17
2020-06-25,PolyPid,PYPD,50.0M,16
2020-06-18,Royalty Pharma Plc,RYLT,2.0B,28
2020-06-18,Forma Therapeutics Holdings Inc,FMTX,235.3M,20
2020-06-18,Genetron Holdings Ltd,GTH,208.0M,16
2020-06-18,Progenity Inc,PROG,100.0M,15
2020-06-18,Repare Therapeutics Inc,RPTX,147.1M,20
2020-06-11,Lantern Pharma Inc,LTRN,23.4M,15
2020-06-11,Avidity Biosciences Inc,RNA,180.0M,18
2020-06-11,Burning Rock Biotech Ltd,BNR,222.8M,16.5
2020-06-11,Generation Bio Co,GBIO,140.6M,19
2020-06-11,Cpg Newco Llc,AZEK,718.8M,23
2020-06-11,Vaxcyte Inc,PCVX,224.0M,16
2020-06-10,Ucloudlink Group Inc,UCL,46.8M,18
2020-06-09,Vroom,VRM,412.5M,22
2020-06-09,Hudson Executive Investment Corp,HECCU,360.0M,10
2020-06-08,Ascendant Digital Acq Corp,ACND_u,300.0M,10
2020-06-06,Pliant Therapeutics Inc,PLRX,144.0M,16
2020-06-06,Warner Music Group,WMG,1.8B,25
2020-06-04,Nuzee Inc,NUZE,5.0M,9
2020-06-04,Legend Biotech Corp,LEGN,423.8M,23
2020-06-04,Zoominfo Technologies Inc,ZI,934.5M,21
2020-06-04,Applied Molecular Transport Inc,AMTI,140.0M,14
2020-06-04,Calliditas Therapeutics AB,CALT,75.0M,19.77
2020-06-04,Dada Nexus Ltd,DADA,264.0M,16
2020-06-04,Mountain Crest Acquisition Corp,MCACU,50.0M,10
2020-06-04,Shift4 Payments Inc,FOUR,345.0M,23
2020-05-28,Foley Trasimene Acquisition Corp,WPF_u,750.0M,10
2020-05-21,B Riley Principal Merger Ii Corp,BMRG_u,200.0M,10
2020-05-21,Selectquote Inc,SLQT,500.0M,20
2020-05-21,Inari Medical Inc,NARI,139.3M,19
2020-05-21,Longview Acquisition Corp,LGVW_u,300.0M,10
2020-05-07,Ayala Pharmaceuticals Inc,AYLA,50.0M,15
2020-05-07,Gigcapital3 Inc,GIK_u,200.0M,10
2020-05-07,Kingsoft Cloud Holdings Ltd,KC,425.0M,17
2020-05-07,Live Oak Acquisition Corp,LOAK_u,200.0M,10
2020-05-07,Sustainable Opportunities Acq Corp,SOAC_u,300.0M,10
2020-08-27,Petra Acquisition Inc,PAICU,125.0M,10
2020-08-27,Painreform Ltd,PRFX,20.4M,8
2020-08-27,Xpeng Inc,XPEV,1.3B,15
2020-08-20,Inhibrx Inc,INBX,102.0M,17
2020-08-20,Nano X Imaging Ltd,NNOX,105.9M,18
2020-08-20,Northern Genesis Acquisition Corp,NGA_u,300.0M,10
2020-08-20,Burgundy Tech Acquisition,BTAQU,400.0M,10
2020-08-20,Foley Trasimene Acquisition II Corp,BFT_u,1.2B,10
2020-08-20,Forum Merger III Corp,FIIIU,250.0M,10
2020-08-20,Kymera Therapeutics Inc,KYMR,147.2M,20
2020-08-18,Star Peak Energy Transition Corp,STPK_u,350.0M,10
2020-08-14,Dragoneer Growth Opportunities,DGNR_u,600.0M,10
2020-08-14,Dmy Technology Group II Inc,DMYD_u,240.0M,10
2020-08-14,Lionheart Acquisition II Corp,LCAPU,200.0M,10
2020-08-13,Duck Creek Technologies Inc,DCT,405.0M,27
2020-08-13,Netstreit Corp,NTST,279.0M,18
2020-08-13,Curevac Bv,CVAC,213.3M,16
2020-08-13,Fs Development Corp,FSDC,100.0M,10
2020-08-13,Ke Holdings Inc,BEKE,2.1B,20
2020-08-13,Harmony Biosciences Holdings,HRMY,111.6M,24
2020-08-13,Kubient Inc,KBNT,12.5M,5
2020-08-13,Redball Acquisition Corp,RBAC_u,500.0M,10
2020-08-12,Fortress Value Acquisition II Corp,FAII_u,300.0M,10
2020-08-06,IBEX Holdings Ltd,IBEX,90.5M,19
2020-08-06,Acutus Medical Inc,AFIB,132.4M,18
2020-08-06,Oak Street Health Inc,OSH,328.1M,21
2020-08-06,Checkmate Pharmaceuticals Inc,CMPI,75.0M,15
2020-08-06,Freeline Therapeutics Holdings Plc,FRLN,132.4M,18
2020-08-06,Go Acquisition Corp,GOAC_u,500.0M,10
2020-08-06,Gores Holdings V Inc,GRSVU,475.0M,10
2020-08-06,Kismet Acquisition One Corp,KSMTU,250.0M,10
2020-08-05,Holicity Inc,HOLUU,275.0M,10
2020-08-05,Bowx Acquisition Corp,BOWXU,420.0M,10
2020-08-04,Yucaipa Acquisition Corp,YAC_u,300.0M,10
2020-08-04,Health Sciences Acquisitions Corp,HSAQ,139.1M,10
2020-07-30,Fathom Holdings Inc,FTHM,25.0M,10
2020-07-30,Vertex Inc,VERX,401.9M,19
2020-07-30,1847 Goedeker,GOED,9.0M,9
2020-07-30,Ace Convergence Acquisition Corp,ACEVU,200.0M,10
2020-07-30,Allovir Inc,ALVR,250.8M,17
2020-07-30,Vital Farms Inc,VITL,171.9M,22
2020-07-24,Annexon Inc,ANNX,170.0M,17
2020-07-24,East Resources Acquisition Co,ERESU,300.0M,10
2020-07-24,Greencity Acquisition Corp,GRCYU,40.0M,10
2020-07-24,Inozyme Pharma Inc,INZY,80.0M,16
2020-07-24,Iteos Therapeutics Inc,ITOS,169.1M,19
2020-07-24,Nurix Therapeutics Inc,NRIX,167.2M,19
2020-07-24,Pershing Square Tontine Holdings,PSTH_u,4.0B,20
2020-07-23,Jamf Holding,JAMF,416.0M,26
2020-07-23,Montrose Environmental Grp,MEG,150.0M,15
2020-07-23,Property Solutions Acquisition,PSACU,200.0M,10
2020-07-23,Skillful Craftsman Education Tech,EDTK,15.0M,5
2020-07-16,Ncino,NCNO,236.4M,31
2020-07-16,Ptk Acquisition Corp,PTK_u,100.0M,10
2020-07-16,Gohealth Llc,GOCO,829.5M,21
2020-07-16,Relay Therapeutics Inc,RLAY,294.0M,20
2020-07-16,Trean Insurance Group Inc,TIG,160.7M,15
2020-07-16,Alx Oncology Holdings,ALXO,152.0M,19
2020-07-16,Berkeley Lights Inc,BLI,162.8M,22
2020-07-16,D8 Holdings Corp,DEH_u,250.0M,10
2020-07-16,Hpx Corp,HPX_u,200.0M,10
2020-07-16,Malacca Straits Acq Co Ltd,MLACU,125.0M,10
2020-07-16,Pandion Therapeutics Holdco Llc,PAND,99.0M,18
2020-07-16,Renalytix Ai Plc,RNLX,78.2M,14.22
2020-07-09,Bluecity Holding Ltd,BLCT,84.8M,16
2020-07-09,Nkarta Inc,NKTX,180.0M,18
2020-07-09,Quhuo Ltd,QH,27.0M,10
2020-07-09,Inventiva SA,IVA,102.3M,13.68
2020-07-09,Poseida Therapeutics Inc,PSTX,160.0M,16
2020-07-09,Therapeutics Acquisition Corp,TXACU,100.0M,10
2020-07-02,Accolade Inc,ACCD,192.5M,22
2020-07-02,Dun And Bradstreet Holding Inc,DNB,1.4B,22
2020-07-02,Lemonade Inc,LMND,319.0M,29
2020-07-02,Capstar Special Purpose Acq,CPSR_u,200.0M,10
2020-07-02,Panacea Acquisition Corp,PANA_u,125.0M,10
2020-10-29,Sunshine Silver Mines And Refining,GATO,131.3M,7
2020-10-29,Mediaalpha Inc,MAX,175.8M,19
2020-10-29,Root Inc,ROOT,652.4M,27
2020-10-29,Allegro Microsystems Inc,ALGM,350.0M,14
2020-10-29,Biodesix Inc,BDSX,75.0M,18
2020-10-29,Galecto Inc,GLTO,85.0M,15
2020-10-29,Leslies Inc,LESL,680.0M,17
2020-10-29,Lufax Holding Ltd,LU,2.4B,13.5
2020-10-29,Mavenir Private Holdings II Ltd,MVNR,327.3M,20.00-24.00
2020-10-29,Absolute Software Corp,ABST,65.0M,12.18
2020-10-29,Ajax I,AJAX_u,750.0M,10
2020-10-29,Atea Pharmaceuticals Inc,AVIR,264.0M,24
2020-10-29,Atlas Crest Investment Corp,ACIC_u,500.0M,10
2020-10-29,Bluescape Opportunities Acq Corp,BOAC_u,575.0M,10
2020-10-29,Duddell Street Acquisition Corp,DSACU,175.0M,10
2020-10-29,Gbs,GBS,21.2M,16.00-18.00
2020-10-29,Northern Star Acquisition Corp,STIC_u,300.0M,10
2020-10-29,Pine Island Acq Corp,PIPP_u,300.0M,10
2020-10-29,Sqz Biotechnologies Co,SQZ,70.6M,16
2020-10-29,Roman Dbdr Tech Acq Corp,DBDRU,275.0M,10
2020-10-29,Lux Health Tech Acq Corp,LUXAU,300.0M,10
2020-10-22,McAfee Corp,MCFE,740.0M,20
2020-10-22,Abcam Plc,ABCM,147.8M,16.52
2020-10-22,Bcls Acquisition Corp,BLSA,125.0M,10
2020-10-22,Foghorn Therapeutics Inc,FHTX,120.0M,16
2020-10-22,Supernova Partners Acquisition Co,SPNV_u,300.0M,10
2020-10-22,Tekkorp Digital Acquisition Corp,TEKKU,250.0M,10
2020-10-20,Mingzhu Logistics Holdings Ltd,YGMZ,12.0M,4
2020-10-20,Good Works Acquisition Corp,GWACU,150.0M,10
2020-10-20,Decarbonization Plus Acq Corp,DCRBU,200.0M,10
2020-10-20,Horizon Acquisition II Corp,HZON_u,500.0M,10
2020-10-15,Jack Creek Investment Corp,JCICU,300.0M,10
2020-10-15,Jupiter Wellness Inc,JUPW,7.5M,7.5
2020-10-15,Array Technologies Inc,ARRY,742.5M,22
2020-10-15,Codiak BioSciences Inc,CDAK,82.5M,15
2020-10-15,Miniso Group Holding Ltd,MNSO,608.0M,20
2020-10-15,Spinal Elements Holdings Inc,SPEL,115.5M,13.00-15.00
2020-10-15,Aligos Therapeutics Inc,ALGS,150.0M,15
2020-10-15,Eargo Inc,EAR,120.0M,18
2020-10-15,Mallard Acquisition Corp,MACUU,100.0M,10
2020-10-15,Opthea Ltd,OPT,160.5M,17.26
2020-10-15,Praxis Precision Medicines Inc,PRAX,140.6M,19
2020-10-15,Tarsus Pharmaceuticals Inc,TARS,80.0M,16
2020-10-15,Kiromic Biopharma Inc,KRBP,13.8M,12
2020-10-15,5 01 Acquisition Corp,FVAM,80.0M,10
2020-10-08,Presidio Property Trust,SQFT,5.0M,5
2020-10-08,Paxmedica Inc,PXMD,16.3M,5.50-6.50
2020-10-08,Vy Global Growth,VYGG_u,500.0M,10
2020-10-08,Aziyo Biologics Inc,AZYO,50.0M,17
2020-10-08,Fubotv Inc,FUBO,150.0M,10
2020-10-08,Aea Bridges Impact Corp,IMPX_u,400.0M,10
2020-10-08,Empower Ltd,EMPW_u,250.0M,10
2020-10-08,Ihuman Inc,IH,84.0M,12
2020-10-08,Intrusion Inc,INTZ,44.4M,14.32
2020-10-08,Kronos Bio Inc,KRON,250.8M,19
2020-10-08,Montes Archimedes Acquisition Corp,MAACU,500.0M,10
2020-10-08,Nextgen Acquisition Corp,NGACU,350.0M,10
2020-10-08,Shattuck Labs Inc,STTK,202.0M,17
2020-10-08,Spruce Biosciences Inc,SPRB,90.0M,15
2020-10-08,Tpg Pace Beneficial Finance Corp,TPGY_u,350.0M,10
2020-10-08,Tpg Pace Tech Opportunities Corp,PACE_u,450.0M,10
2020-10-08,Otr Acquisition Corp,OTRAU,250.0M,10
2020-10-08,Landcadia Holdings III Inc,LCYAU,500.0M,10
2020-10-01,Greenwich Lifesciences Inc,GLSI,16.9M,5.75
2020-10-01,Palantir Technologies Inc,PLTR,3.0B,11.5
2020-10-01,Asana Inc,ASAN,840.9M,28
2020-10-01,Mission Produce Inc,AVO,112.5M,12
2020-10-01,Academy Sports Outdoors Inc,ASO,203.1M,13
2020-10-01,Boqii Holding Ltd,BQ,70.0M,10
2020-10-01,Chindata Group Holdings Ltd,CD,540.0M,13.5
2020-10-01,Immunome Inc,IMNM,39.0M,12
2020-10-01,Pulmonx Corp,LUNG,126.7M,19
2020-10-01,Yalla Group Ltd,YALA,139.5M,7.5
2020-10-01,Altimeter Growth Corp,ALTE,450.0M,10
2020-10-01,C4 Therapeutics Inc,CCCC,167.7M,19
2020-10-01,Lixiang Education Holding,LXEH,30.8M,9.25
2020-10-01,Oncorus Inc,ONCR,87.0M,15
2020-10-01,Qell Acquisition Corp,QELLU,300.0M,10
2020-10-01,Recharge Acquisition Corp,RCHGU,200.0M,10
2020-10-01,Apollo Strategic Growth Capital,APSG_u,750.0M,10
2020-10-01,Atlantic Avenue Acquisition Corp,ASAQ_u,250.0M,10
2020-10-01,Avanti Acquisition,AVAN_u,500.0M,10
2020-10-01,Vg Acquisition Corp,VGAC_u,400.0M,10
2020-09-25,Siyata Mobile Inc,SYTA,11.0M,7.25
2020-09-25,Vector Acquisition Corp,VACQU,300.0M,10
2020-09-25,Fintech Acquisition IV Corp,FTIVU,200.0M,10
2020-09-24,Amesite Operating Co,AMST,15.5M,5
2020-09-24,Corsair Gaming Inc,CRSR,238.0M,17
2020-09-24,Goodrx Holdings Inc,GDRX,1.1B,33
2020-09-24,Laird Superfood Inc,LSF,48.4M,22
2020-09-24,Fg New America Acquisition Corp,FGNA_u,225.0M,10
2020-09-24,Bentley Systems Inc,BSY,236.5M,22
2020-09-24,Taysha Gene Therapies Inc,TSHA,131.6M,20
2020-09-24,Graybug Vision Inc,GRAY,75.0M,16
2020-09-24,Orphazyme,ORPH,100.0M,13.13
2020-09-24,Pmv Pharmaceuticals Inc,PMVP,132.3M,18
2020-09-24,Prelude Therapeutics Inc,PRLD,158.2M,19
2020-09-24,Via Optronics Ag,VIAO,93.8M,15
2020-09-24,Vpc Impact Acquisition Holdings,VIHAU,200.0M,10
2020-09-18,North Mountain Merger Corp,NMMCU,115.0M,10
2020-09-18,Alpha Healthcare Acq Corp,AHACU,100.0M,10
2020-09-17,Jfrog Ltd,FROG,509.0M,44
2020-09-17,Pactiv Evergreen Inc,PTVE,574.4M,14
2020-09-17,Sumo Logic Inc,SUMO,325.6M,22
2020-09-17,Vitru Ltd,VTRU,179.7M,16
2020-09-17,Broadstone Acquisition Corp,BSN_u,300.0M,10
2020-09-17,Ribbit Leap Ltd,LEAP_u,350.0M,10
2020-09-17,American Well Corp,AMWL,630.0M,18
2020-09-17,Broadstone Net Lease Inc,BNL,569.5M,17
2020-09-17,Dyne Therapeutics Inc,DYN,195.7M,19
2020-09-17,Metacrine Inc,MTCR,85.0M,13
2020-09-17,Outset Medical Inc,OM,205.2M,27
2020-09-17,Snowflake Inc,SNOW,3.4B,120
2020-09-17,Stepstone Group Inc,STEP,315.0M,18
2020-09-17,Unity Software Inc,U,1.3B,52
2020-09-17,Jupiter Acquisition Corp,JAQCU,200.0M,10
2020-09-17,Athira Pharma Inc,ATHA,170.0M,17
2020-09-17,Compass Pathways Plc,CMPS,113.9M,17
2020-09-17,Equity Distribution Acquisition,EQD_u,300.0M,10
2020-09-17,Executive Network Partnering Corp,ENPC_u,300.0M,25
2020-09-17,Sandbridge Acquisition Corp,SBG_u,200.0M,10
2020-09-17,Software Acquisition Group Inc II,SAIIU,150.0M,10
2020-09-10,Brookline Capital Acquisition Corp,BCACU,50.0M,10
2020-09-10,Highcape Capital Acquisition Corp,CAPAU,100.0M,10
2020-09-10,Prime Impact Acquisition I,PIAI_u,300.0M,10
2020-09-10,Starboard Value Acquisition Corp,SVACU,360.0M,10
2020-09-10,Cohn Robbins Holdings Corp,CRHC_u,720.0M,10
2020-09-04,Tailwind Acquisition Corp,TWND_u,300.0M,10
2020-09-03,Csr Acquisition,CSRA_u,300.0M,10
2020-09-03,Ftac Olympus Acquisition,FTOCU,750.0M,10
2020-09-03,Hitek Global,HKIT,20.0M,5
2020-09-03,Navsight Holdings,NSH_u,200.0M,10
2020-09-03,Pmv Consumer Acquisition Corp,PMVC_u,175.0M,10
2020-09-03,Twc Tech Holdings II,TWCTU,525.0M,10
2020-09-03,Cm Life Sciences Inc,CMLFU,350.0M,10
2020-09-03,Industrial Tech Acquisitions Inc,ITACU,75.0M,10
2020-09-03,Bctg Acquisition Corp,BCTG,145.0M,10
2020-09-03,Insu Acquisition Corp II,INAQU,200.0M,10
2020-12-31,Benessere Capital Acquisition Corp,BENEU,100.0M,10
2020-12-31,Medirom Healthcare Technologies Inc,MRM,10.7M,15
2020-12-24,Pharming Group NV,PHAR,10.9M,12.1
2020-12-24,Ventoux Ccm Acquisition Corp,VTAQU,150.0M,10
2020-12-17,Oriental Culture Holding Ltd,OCG,20.3M,4
2020-12-17,Upstart Holdings Inc,UPST,240.3M,20
2020-12-17,Bioatla,BCAB,169.2M,18
2020-12-17,Midwest Holding,MDWT,70.0M,70
2020-12-17,Contextlogic,WISH,1.1B,24
2020-12-17,908 Devices Inc,MASS,125.0M,20
2020-12-17,Americas Technology Acquisition Cor,ATA_u,100.0M,10
2020-12-17,Churchill Capital V,CCV_u,400.0M,10
2020-12-17,Dune Acquisition,DUNEU,130.0M,10
2020-12-17,Marquee Raine Acquisition,MRACU,325.0M,10
2020-12-17,Scopus Biopharma Inc,SCPS,5.5M,5.5
2020-12-17,Blue Water Acquisition,BLUWU,50.0M,10
2020-12-17,Wunong Net Technology Co,WNW,30.0M,5
2020-12-17,Golden Falcon Acquisition Corp,GFX_u,250.0M,10
2020-12-17,Medtech Acquisition Corp,MTACU,200.0M,10
2020-12-17,Seven Oaks Acquisition Corp,SVOKU,200.0M,10
2020-12-17,Virios Therapeutics Llc,VIRI,30.0M,10
2020-12-17,Scion Tech Growth I,SCOAU,500.0M,10
2020-12-17,Corner Growth Acquisition Corp,COOLU,300.0M,10
2020-12-10,Airbnb Inc,ABNB,3.5B,68
2020-12-10,Doordash Inc,DASH,3.4B,102
2020-12-10,Hydrofarm Holdings Group Inc,HYFM,173.3M,20
2020-12-10,Pubmatic Inc,PUBM,118.0M,20
2020-12-10,C3 Ai Inc,AI,651.0M,42
2020-12-10,Vivos Therapeutics Inc,VVOS,20.0M,6
2020-12-10,Certara Inc,CERT,561.0M,23
2020-12-10,Concord Acquisition Corp,CND_u,200.0M,10
2020-12-10,4D Molecular Therapeutics,FDMT,109.5M,23
2020-12-10,Abcellera Biologics,ABCL,460.0M,20
2020-12-10,Cbre Acquisition Holdings,CBAH_u,350.0M,10
2020-12-10,Edtechx Holdings Acquisition II,EDTXU,100.0M,10
2020-12-10,Nanobiotix,NBTX,87.8M,13.5
2020-12-10,Altitude Acquisition Corp,ALTUU,250.0M,10
2020-12-09,HumanCo Acquisition Corp,HMCOU,250.0M,10
2020-12-04,Proptech Investment II Corp,PTICU,175.0M,10
2020-12-03,Seaport Global Acquisition Corp,SGAMU,125.0M,10
2020-12-03,17 Education Technology Group,YQ,287.7M,10.5
2020-12-03,Docebo Inc,DCBO,125.0M,52.21
2020-12-03,Highland Transcend Partners I,HTPA_u,250.0M,10
2020-12-03,Kinnate Biopharma Inc,KNTE,230.0M,20
2020-12-03,Live Oak Acquisition II Corp,LOKB_u,200.0M,10
2020-12-03,Seer Inc,SEER,167.7M,19
2020-12-03,Sigilon Therapeutics Inc,SGTX,100.8M,18
2020-12-03,Silverback Therapeutics Inc,SBTX,146.0M,21
2020-11-25,Genesis Park Acquisition,GNPK_u,150.0M,10
2020-11-25,Ozon Holdings Plc,OZON,900.0M,30
2020-11-25,Spring Valley Acquisition,SVSVU,200.0M,10
2020-11-24,Tiga Acquisition,TINV_u,240,10
2020-11-19,Maravai Lifesciences Holdings Inc,MRVI,1.4B,27
2020-11-19,Neogames Sa,NGMS,81.7M,17
2020-11-19,Sotera Health Co,SHC,1.1B,23
2020-11-19,Telos Corp,TLS,210.0M,17
2020-11-19,Yatsen Holding,YSG,616.9M,10.5
2020-11-19,Consonance Hfw Acquisition Corp,CHFW_u,80.0M,10
2020-11-19,L F Acquisition Corp,LNFA_u,150.0M,10
2020-11-19,Olema Pharmaceuticals Inc,OLMA,190.0M,19
2020-11-19,Population Health Investment Co Inc,PHICU,150.0M,10
2020-11-19,Aequi Acquisition Corp,ARBGU,200.0M,10
2020-11-19,Zanite Acquisition Corp,ZNTEU,200.0M,10
2020-11-19,Dragoneer Growth Opportunities II,DGNS,200.0M,10
2020-11-19,Cascade Acquisition,CAS_u,200.0M,10
2020-11-19,Omnichannel Acquisition,OCA_u,250.0M,10
2020-11-12,Inhibikase Therapeutics Inc,IKT,27.3M,10.00-12.00
2020-11-12,Compass Therapeutics Inc,CMPX,54.0M,5.00-6.00
2020-11-12,Natural Order Acquisition Corp,NOACU,200.0M,10
2020-11-12,HF Enterprises Inc,HFEN,18.2M,6.00-7.00
2020-11-12,Thayer Ventures Acquisition Corp,TVACU,175.0M,10
2020-11-12,Ts Innovation Acquisitions Corp,TSIAU,300.0M,10
2020-11-12,Edoc Acquisition Corp,ADOCU,100.0M,10
2020-11-12,Kingswood Acquisition Corp,KWAC_u,100.0M,10
2021-04-30,Velocity Merger Corp,VEMCU,250.0M,10
2021-04-29,Aveanna Healthcare Holdings Inc,AVAH,458.8M,12
2021-04-29,Endeavor Group Holdings Inc,EDR,511.2M,24
2021-04-29,Ftc Solar Inc,FTCI,239.5M,13
2021-04-29,Fortegra Group Llc,FRF,141.1M,15.00-17.00
2021-04-29,Privia Health Group Inc,PRVA,448.5M,23
2021-04-29,Vaccitech,VACC,110.5M,17
2021-04-29,Transcode Therapeutics Inc,RNAZ,27.8M,8.00-10.00
2021-04-29,Werewolf Therapeutics Inc,HOWL,100.0M,16
2021-04-29,Alfi Inc,ALF,21.0M,5.00-7.00
2021-04-29,Tradeup Global Corp,TUGCU,40.0M,10
2021-04-22,Doubleverify Holdings Inc,DV,360.0M,27
2021-04-22,Knowbe4 Inc,KNBE,189.1M,16
2021-04-22,Skywater Technology Inc,SKYT,81.2M,14
2021-04-22,Uipath Inc,PATH,1.2B,56
2021-04-22,Agiliti Inc,AGTI,368.4M,14
2021-04-22,Latham Group Inc,SWIM,380.0M,19
2021-04-22,Neuropace Inc,NPCE,90.3M,17
2021-04-22,Zymergen Inc,ZY,421.6M,31
2021-04-22,Impel Neuropharma Inc,IMPL,80.0M,15
2021-04-22,Rain Therapeutics Inc,RAIN,125.0M,17
2021-04-22,Treace Medical Concepts Inc,TMCI,159.4M,17
2021-04-20,Infobird Co Ltd,IFBD,25.0M,4
2021-04-16,Troika Media Group Inc,TRKA,15.0M,4.5
2021-04-15,Alkami Technology Inc,ALKT,180.0M,30
2021-04-15,Coinbase Global Inc,COIN,23.0B,200
2021-04-15,Agilon Health Inc,AGL,1.1B,23
2021-04-15,Applovin Corp,APP,2.0B,80
2021-04-15,Karat Packaging Inc,KRT,63.2M,16
2021-04-15,Tusimple Holdings Inc,TSP,1.4B,40
2021-04-15,Akoya Biosciences Inc,AKYA,131.6M,20
2021-04-15,Biomea Fusion Inc,BMEA,127.5M,17
2021-04-15,Esports Technologies Inc,EBET,12.0M,6
2021-04-15,Recursion Pharmaceuticals Inc,RXRX,324.0M,18
2021-04-15,Tpg Pace Beneficial II Corp,YTPG,350.0M,10
2021-04-08,Smart Share Global Ltd,EM,148.8M,8.5
2021-04-08,Chardan Nextech Acquisition Corp,CNAQU,200.0M,10
2021-04-08,Ace Global Business Acquisition Ltd,ACBAU,40.0M,10
2021-04-08,Cm Life Sciences III Inc,CMLTU,400.0M,10
2021-04-08,Reneo Pharmaceuticals Inc,RPHM,93.8M,15
2021-04-08,Vectivbio Holding Ag,VECT,127.5M,17
2021-04-08,Big Sky Growth Partners Inc,BSKYU,300.0M,10
2021-04-08,Panacea Acquisition II Corp,PANA,150.0M,10
2021-04-08,Tcv Acquisition Corp,TCVA,350.0M,10
2021-04-08,Utime Ltd,UTME,15.0M,4
2021-04-08,Model Performance Acquisition Corp,MPACU,50.0M,10
2021-04-01,Compass Inc,COMP,648.0M,18
2021-04-01,Coursera Inc,COUR,519.1M,33
2021-04-01,Frontier Group Holdings Inc,FRNT,570.0M,19
2021-04-01,Hywin Holdings Ltd,HYW,38.0M,10
2021-04-01,Karooooo Ltd,KARO,190.1M,47.52
2021-04-01,Achilles Therapeutics Plc,ACHL,175.5M,18
2021-04-01,Intermedia Cloud Communications Inc,INTM,318.4M,23.00-26.00
2021-04-01,Advancit Acquisition I Corp,AACOU,350.0M,10
2021-04-01,Rmg Acquisition IV Corp,RMGDU,275.0M,10
2021-04-01,Belong Acquisition Corp,BLNGU,150.0M,10
2021-03-25,Afc Gamma Inc,AFCG,118.8M,19
2021-03-25,Acv Auctions Inc,ACVA,413.8M,25
2021-03-25,Cricut Inc,CRCT,306.3M,20
2021-03-25,Digitalocean Holdings Inc,DOCN,775.5M,47
2021-03-25,Diversey Holdings Ltd,DSEY,692.3M,15
2021-03-25,Semrush Holdings Inc,SEMR,235.2M,14
2021-03-25,Thredup Inc,TDUP,168.0M,14
2021-03-25,Vizio Holding Corp,VZIO,317.5M,21
2021-03-25,Alignment Healthcare Llc,ALHC,489.6M,18
2021-03-25,Design Therapeutics Inc,DSGN,240.0M,20
2021-03-25,Edgewise Therapeutics Inc,EWTX,200.0M,20
2021-03-25,Ikena Oncology Inc,IKNA,125.0M,16
2021-03-25,Khosla Ventures Acquisition II Corp,KVSB,400.0M,10
2021-03-25,Khosla Ventures Acquisition III Cor,KVSC,500.0M,10
2021-03-25,Lava Therapeutics Bv,LVRX,107.2M,14.00-16.00
2021-03-25,Olink Holding Ab,OLK,352.9M,20
2021-03-25,Zhihu Inc,ZH,522.5M,9.5
2021-03-25,Magnum Opus Acquisition Ltd,OPA_u,200.0M,-
2021-03-18,Universe Pharmaceuticals Inc,UPC,25.0M,5
2021-03-18,Olo Inc,OLO,450.0M,25
2021-03-18,Sun Country Airlines Holdings Inc,SNCY,218.2M,24
2021-03-18,Vine Energy Inc,VEI,262.5M,14
2021-03-18,Connect Biopharma Holdings Ltd,CNTB,159.4M,17
2021-03-18,Gain Therapeutics Inc,GANX,40.0M,11
2021-03-18,Glass Houses Acquisition Corp,GLHAU,200.0M,10
2021-03-18,Duckhorn Portfolio Inc,NAPA,300.0M,15
2021-03-18,Tuya Inc,TUYA,915.4M,21
2021-03-18,Alpha Healthcare Acquisition III,ALPAU,150.0M,10
2021-03-18,Instil Bio Inc,TIL,278.0M,20
2021-03-18,Research Alliance II Corp,RACB,130.0M,10
2021-03-18,Movano Inc,MOVE,36.0M,5
2021-03-11,Roblox Corp,RBLX,9.0B,45
2021-03-11,Coupang Inc,CPNG,4.2B,35
2021-03-11,First High School Education Gr Co,FHS,75.0M,10
2021-03-11,Hayward Holdings Inc,HAYW,684.7M,17
2021-03-11,Joann Inc,JOAN,131.3M,12
2021-03-11,Agile Growth Corp,AGGRU,300.0M,10
2021-03-11,Colonnade Acquisition II Corp,CLAA_u,300.0M,10
2021-03-11,Longboard Pharmaceuticals Inc,LBPH,80.0M,16
2021-03-11,Meatech 3d,MITC,25.0M,15.1
2021-03-11,Jowell Global Ltd,JWEL,26.0M,7
2021-03-11,Prometheus Biosciences Inc,RXDX,139.7M,19
2021-03-04,Oscar Health Inc,OSCR,1.2B,39
2021-03-04,Innovage Holding Corp,INNV,350.0M,21
2021-03-04,Isos Acquisition Corp,ISOS_u,200.0M,10
2021-03-04,Khosla Ventures Acquisition Co,KVSA,300.0M,10
2021-02-25,Mcap Acquisition Corp,MACQU,250.0M,10
2021-02-25,Boa Acquisition Corp,BOAS_u,175.0M,10
2021-02-25,Gores Holdings VIII Inc,GIIXU,300.0M,10
2021-02-25,Hudson Executive Investment III Cor,HIIIU,500.0M,10
2021-02-25,Roth Ch Acquisition III Corp,ROCRU,150.0M,10
2021-02-25,Score Media and Gaming,SCR,182.6M,36.52
2021-02-18,Medicus Sciences Acquisition Corp,MSACU,80.0M,10
2021-02-18,Abg Acquisition I Corp,ABGI,120.0M,10
2021-02-18,New Vista Acquisition Corp,NVSAU,200.0M,10
2021-02-18,Pathfinder Acquisition Corp,PFDRU,275.0M,10
2021-02-18,Alpha Capital Acquisition Co,ASPCU,200.0M,10
2021-02-11,Loandepot Inc,LDI,210.0M,14
2021-02-11,Adagene Inc,ADAG,139.7M,19
2021-02-11,Apria Inc,APR,150.0M,20
2021-02-11,Biophytis,BPTS,20.1M,16.75
2021-02-11,Bumble Inc,BMBL,1.5B,43
2021-02-11,Progress Acquisition Corp,PGRWU,125.0M,10
2021-02-11,Signify Health Inc,SGFY,564.0M,24
2021-02-11,Viant Technology Inc,DSP,187.5M,25
2021-02-11,Bioventus Inc,BVS,95.6M,13
2021-02-11,Decibel Therapeutics Inc,DBTX,105.9M,18
2021-02-11,Longeveron LLC,LGVN,22.7M,10
2021-02-11,NexImmune Inc,NEXI,79.7M,17
2021-02-11,Talis Biomedical Corp,TLIS,160.0M,16
2021-02-09,Global Internet of People Inc,SDH,26.9M,4
2021-02-04,Atotech,ATC,580.5M,17
2021-02-04,Evaxion Biotech,EVAX,27.5M,10
2021-02-04,On24 Inc,ONTF,430.0M,50
2021-02-04,Telus International Inc,TIXT,833.3M,25
2021-02-04,Landos Biopharma Inc,LABP,100.0M,16
2021-02-04,Sana Biotechnology Inc,SANA,375.0M,25
2021-02-04,Angion Biomedica Corp,ANGN,80.0M,16
2021-02-04,Bolt Biotherapeutics,BOLT,176.5M,20
2021-02-04,Immunocore Holdings Ltd,IMCR,216.7M,26
2021-02-04,Lucira Health Inc,LHDX,132.8M,17
2021-02-04,Pharvaris Bv,PHVS,139.0M,20
2021-02-04,Sensei Biotherapeutics Inc,SNSE,111.8M,19
2021-02-04,Terns Pharmaceuticals Inc,TERN,106.3M,17
2021-02-04,Vor Biopharma Inc,VOR,158.8M,18
2021-01-28,Qualtrics International Inc,XM,1.5B,30
2021-01-28,Ortho Clinical Diagnostics Holdings,OCDX,1.2B,17
2021-01-28,Shoals Technologies Group Inc,SHLS,1.3B,25
2021-01-28,Vinci Partners Investments Ltd,VINP,249.7M,18
2021-01-28,Agrify Corp,AGRF,27.8M,10
2021-01-28,Zim Integrated Shipping,ZIM,262.5M,15
2021-01-28,Growth Capital Acquisition,GCACU,125.0M,10
2021-01-28,Healthcor Catalio Acquisition,HCAQ,150.0M,10
2021-01-28,Home Point Capital,HMPT,162.5M,13
2021-01-28,Tian Ruixiang Holdings Ltd,TIRX,12.0M,4
2021-01-28,Fortistar Sustainable Solutions Cor,FSSIU,200.0M,10
2021-01-28,Ca Healthcare Acquisition Corp,CAHCU,100.0M,10
2021-01-28,Foresight Acquisition Corp,FOREU,275.0M,10
2021-01-28,Decarbonization Plus Acquisition II,DCRNU,350.0M,10
2021-01-28,Climate Real Impact Solutions II,CLIM_u,210.0M,10
2021-01-22,Bridgetown 2 Holdings,BTNB,260.0M,10
2021-01-22,Montauk Renewables,MNTK,33.2M,8.5
2021-01-22,North Atlantic Acquisition,NAACU,300.0M,10
2021-01-21,Dream Finders Homes,DFH,124.8M,13
2021-01-21,MYT Netherlands Parent,MYTE,406.8M,26
2021-01-21,Patria Investments Ltd,PAX,453.1M,17
2021-01-21,Queens Gambit Growth Capital,GMBTU,275.0M,10
2021-01-21,Rlx Technology Inc,RLX,1.4B,12
2021-01-21,Legato Merger Corp,LEGOU,175.0M,10
2021-01-21,Foxwayne Enterprises Acquisition Co,FOXWU,50.0M,10
2021-01-21,Virtuoso Acquisition Corp,VOSOU,180.0M,10
2021-01-21,Class Acceleration Corp,CLAS_u,225.0M,10
2021-01-21,Huadi International,HUDI,243.8M,8
2021-01-15,Playtika Holding Corp,PLTK,1.9B,27
2021-01-14,Affirm Holdings Inc,AFRM,1.2B,49
2021-01-14,Driven Brands Holdings Inc,DRVN,836.0M,22
2021-01-14,Kuke Music Holding Ltd,KUKE,50.0M,10
2021-01-14,Motorsport Gaming Us Llc,MSGM,47.0M,20
2021-01-14,Pet Acquisition Llc,WOOF,864.0M,18
2021-01-14,Poshmark Inc,POSH,277.2M,42
2021-01-14,Qilian International Holding Gr Ltd,QLI,25.0M,5
2021-01-14,Big Cypress Acquisition Corp,BCYPU,100.0M,10
2021-01-14,Authentic Equity Acquisition,AEACU,200.0M,10
2021-01-14,Edify Acquisition,EACPU,200.0M,10
2021-01-14,Environmental Impact Acquisition,ENVIU,150.0M,10
2021-01-14,Monument Circle Acquisition,MONCU,200.0M,10
2021-01-14,TZP Strategies Acquisition,TZPSU,250.0M,10
2021-01-14,Silver Crest Acquisition,SLCRU,250.0M,10
2021-01-14,Marlin Technology,FINMU,300.0M,10
2021-01-07,Cullinan Oncology Llc,CGEM,210.0M,21
2021-01-07,Empowerment Inclusion Capital I Cor,EPWR_u,200.0M,10
2021-01-07,Global Synergy Acquisition Corp,GSAQU,225.0M,10
2021-01-07,Gracell Biotechnologies Inc,GRCL,209.0M,19
2021-01-07,Kl Acquisition Corp,KLAQU,250.0M,10
2021-01-07,Leo Holdings II Corp,LHC_u,350.0M,10
2021-01-07,Pioneer Merger Corp,PACXU,350.0M,10
2021-01-07,Rotor Acquisition Corp,ROT_u,200.0M,10
2021-01-07,Svf Investment Corp,SVFAU,525.0M,10
2021-01-07,Tastemaker Acquisition Corp,TMKRU,200.0M,10
2021-01-07,Epiphany Technology Acquisition Cor,EPHYU,350.0M,10
2021-01-07,Locust Walk Acquisition Corp,LWACU,130.0M,10
2021-01-07,Prospector Capital Corp,PRSRU,250.0M,10
2021-06-30,Sentinelone Inc,S,1.1B,35
2021-06-30,Didi Global Inc,DIDI,4.4B,14
2021-06-30,Social Capital Suvretta Holdings I,DNAA,220.0M,10
2021-06-30,Social Capital Suvretta Holdings II,DNAB,220.0M,10
2021-06-30,Social Capital Suvretta Holdings III,DNAC,220.0M,10
2021-06-30,Social Capital Suvretta Holdings IV,DNAD,220.0M,10
2021-06-29,ironSource,IS,2.3B,-
2021-06-25,Missfresh Ltd,MF,273.0M,13
2021-06-24,Acurx Pharmaceuticals Llc,ACXP,15.0M,6
2021-06-24,First Advantage Corp,FA,318.8M,15
2021-06-24,Sprinklr Inc,CXM,304.0M,16
2021-06-24,Bright Health Group Inc,BHG,1.1B,18
2021-06-24,Confluent Inc,CFLT,828.0M,36
2021-06-24,Doximity Inc,DOCS,605.8M,26
2021-06-24,Full Truck Alliance Co Ltd,YMM,1.6B,19
2021-06-24,Miromatrix Medical Inc,MIRO,36.0M,9
2021-06-24,Alpha Teknova Inc,TKNO,80.0M,16
2021-06-24,Elevation Oncology Inc,ELEV,100.0M,16
2021-06-24,Gh Research Plc,GHRS,133.3M,16
2021-06-24,Graphite Bio Inc,GRPH,212.5M,17
2021-06-24,Mister Car Wash Inc,MCW,562.5M,15
2021-06-24,Monte Rosa Therapeutics Inc,GLUE,185.3M,19
2021-06-24,Soulgate Inc,SSR,198.0M,13.00-15.00
2021-06-24,Grove Inc,GRVI,11.0M,5
2021-06-24,Shelter Acquisition I Corp,SHQAU,200.0M,10
2021-06-24,Golden Path Acquisition Corp,GPCOU,50.0M,10
2021-06-24,Bon Natural Life Ltd,BON,11.0M,5
2021-06-24,Fintech Acquisition VI Corp,FTVIU,220.0M,10
2021-06-24,Northern Lights Acquisition Corp,NLITU,100.0M,10
2021-06-23,Coliseum Acquisition Corp,MITAU,150.0M,10
2021-06-18,Tremor International Ltd,TRMR,128.6M,19
2021-06-18,Jaws Juggernaut Acquisition Corp,JUGGU,240.0M,10
2021-06-17,Walkme Ltd,WKME,286.8M,31
2021-06-17,Angel Oak Mortgage Inc,AOMR,153.0M,19
2021-06-17,Convey Holding Parent Inc,CNVY,186.7M,14
2021-06-17,Lyell Immunopharma Inc,LYEL,425.0M,17
2021-06-17,Molecular Partners Ag,MOLN,81.4M,27.14
2021-06-17,Aihuishou International Co Ltd,RERE,227.3M,14
2021-06-17,Ambrx Biopharma Inc,AMAM,126.0M,18
2021-06-17,Atai Life Sciences Bv,ATAI,214.3M,15
2021-06-17,Century Therapeutics Inc,IPSC,211.0M,20
2021-06-17,Codex Dna Inc,DNAY,106.7M,16
2021-06-17,Cyteir Therapeutics Inc,CYT,133.2M,18
2021-06-17,Femasys Inc,FEMY,34.5M,13
2021-06-17,Verve Therapeutics Inc,VERV,224.2M,19
2021-06-17,Corner Growth Acquisition 2 Corp,TRONU,175.0M,10
2021-06-17,Ispecimen Inc,ISPC,17.8M,8
2021-06-17,Rice Acquisition II Corp,RONI_u,300.0M,10
2021-06-16,Zimmer Energy Transition Acquisitio,ZTAQU,300.0M,10
2021-06-15,Dila Capital Acquisition Corp,DILAU,55.0M,10
2021-06-11,Logistics Innovation Technologies Corp,LITTU,350.0M,10
2021-06-11,Lakeshore Acquisition I Corp,LAAAU,50.0M,10
2021-06-10,Monday.Com,MNDY,573.5M,155
2021-06-10,Lifestance Health Group Inc,LFST,720.0M,18
2021-06-10,Marqeta Inc,MQ,1.2B,27
2021-06-10,Zeta Global Holdings Corp,ZETA,227.3M,10
2021-06-10,1stdibs Com Inc,DIBS,115.0M,20
2021-06-10,Taskus Inc,TASK,303.6M,23
2021-06-10,Janux Therapeutics Inc,JANX,161.5M,17
2021-06-10,Kanzhun Ltd,BZ,912.0M,19
2021-06-10,Zhangmen Education Inc,ZME,41.7M,11.5
2021-06-10,Summit Healthcare Acquisition Corp,SMIHU,200.0M,10
2021-06-10,Jaws Hurricane Acquisition Corp,HCNEU,250.0M,10
2021-06-10,Spk Acquisition Corp,SPKAU,50.0M,10
2021-06-10,Blue Safari Group Acquisition Corp,BSGAU,50.0M,10
2021-06-09,Iron Spark I Inc,ISAA,150.0M,10
2021-06-09,Global Consumer Acquisition Corp,GACQU,170.0M,10
2021-06-09,Colombier Acquisition Corp,CLBR_u,150.0M,10
2021-06-03,Dlocal Ltd,DLO,617.6M,21
2021-05-28,Oceantech Acquisitions I Corp,OTECU,100.0M,10
2021-05-27,Ziprecruiter Inc,ZIP,2.2B,25.04
2021-05-27,Flywire Corp,FLYW,208.8M,24
2021-05-27,Paymentus Holdings Inc,PAY,210.0M,21
2021-05-27,Figs Inc,FIGS,495.0M,22
2021-05-27,Galliot Acquisition Corp,TWCGU,250.0M,10
2021-05-27,Bilander Acquisition Corp,TWCBU,150.0M,10
2021-05-27,Graf Acquisition IV Corp,GFOR_u,150.0M,10
2021-05-27,Centessa Pharmaceuticals Plc,CNTA,300.0M,20
2021-05-27,Day One Biopharmaceuticals Holding,DAWN,134.4M,16
2021-05-27,Singular Genomics Systems Inc,OMIC,187.0M,22
2021-05-26,Dynamics Special Purpose Corp,DYNS,200.0M,10
2021-05-26,EG Acquisition Corp,EGGF_u,225.0M,10
2021-05-20,Squarespace Inc,SQSP,2.8B,68.42
2021-05-20,Oatly Group Ab,OTLY,1.1B,17
2021-05-20,Procore Technologies Inc,PCOR,634.5M,67
2021-05-20,Skydeck Acquisition Corp,SKYAU,250.0M,10
2021-05-20,Giginternational1 Inc,GIWWU,200.0M,10
2021-05-20,Fifth Wall Acquisition III Corp,FWAC,250.0M,10
2021-05-18,Mountain Crest Acquisition Corp III,MCAEU,50.0M,10
2021-05-18,Angel Pond Holdings Corporation,POND_u,300.0M,10
2021-05-18,Catalyst Partners Acquisition Corp,CPARU,300.0M,10
2021-05-14,Artisan Acquisition Corp,ARTAU,300.0M,10
2021-05-14,Osiris Acquisition Corp,OSI_u,230.0M,10
2021-05-13,Flora Growth Corp,FLGC,16.7M,5
2021-05-13,Ipower Inc,IPW,15.0M,5
2021-05-13,Global E Online Ltd,GLBE,375.0M,25
2021-05-13,Similarweb Ltd,SMWB,176.0M,22
2021-05-13,Vera Therapeutics Inc,VERA,47.9M,11
2021-05-13,Orion Biotech Opportunities Corp,ORIAU,200.0M,10
2021-05-07,Data Knights Acquisition Corp,DKDCU,100.0M,10
2021-05-07,B Riley Principal 250 Merger Corp,BRIVU,150.0M,10
2021-05-06,Anebulo Pharmaceuticals Inc,ANEB,21.0M,7
2021-05-06,Five Star Bancorp,FSBC,105.3M,20
2021-05-06,Honest Co Inc,HNST,412.9M,16
2021-05-06,Bowman Consulting Group Ltd,BWMN,43.1M,14
2021-05-06,Onion Global Ltd,OG,90.6M,7.25
2021-05-06,Talaris Therapeutics Inc,TALS,150.0M,17
2021-05-06,Valneva,VALN,100.0M,28.24
2021-05-06,Waterdrop Inc,WDH,360.0M,12
2021-05-04,Valor Latitude Acquisition Corp,VLATU,200.0M,10
2021-08-30,Alpine Acquisition Corp,REVEU,100.0M,10
2021-08-30,Chw Acquisition Corp,CHWAU,100.0M,10
2021-08-27,Nexters Inc,GDEV,,-
2021-08-26,Springwater Special Situations Corp,SWSSU,150.0M,10
2021-08-26,Minority Equality Opportunities Inc,MEOAU,100.0M,10
2021-08-26,Cascadia Acquisition Corp,CCAIU,150.0M,10
2021-08-26,Oxus Acquisition Corp,OXUSU,150.0M,10
2021-08-20,Waverley Capital Acquisition 1 Corp,WAVC_u,200.0M,10
2021-08-13,Cenaq Energy Corp,CENQU,150.0M,10
2021-08-13,Dermata Therapeutics Inc,DRMA,18.0M,7
2021-08-13,Armada Acquisition I Corp,AACIU,150.0M,10
2021-08-13,Axonprime Infrastructure Acquisitio,APMIU,150.0M,10
2021-08-13,Datchat Inc,DATS,12.0M,4.15
2021-08-13,Kensington Capital Acquisition V Co,KCGI_u,240.0M,10
2021-08-12,Southern States Bancshares Inc,SSBK,38.0M,19
2021-08-12,Php Ventures Acquisition Corp,PPHPU,50.0M,10
2021-08-12,Oxbridge Acquisition Corp,OXACU,100.0M,10
2021-08-12,Afternext Healthtech Acquisition,AFTR_u,300.0M,10
2021-08-11,Tpb Acquisition I Corp,TPBAU,200.0M,10
2021-08-11,World Quantum Growth Acquisition,WQGA_u,200.0M,10
2021-08-11,Pono Capital Corp,PONOU,100.0M,10
2021-08-11,10X Capital Venture Acquisition II,VCXAU,200.0M,10
2021-08-10,Avista Public Acquisition II Corp,AHPAU,200.0M,10
2021-08-06,Digital World Acquisition Corp,DWACU,300.0M,10
2021-08-06,Nova Vision Acquisition Corp,NOVVU,50.0M,10
2021-08-06,Abri Spac I Inc,ASPAU,50.0M,10
2021-08-05,Wcg Clinical Inc,WCGC,765.0M,15.00-17.00
2021-08-05,Weber Inc,WEBR,656.3M,14
2021-08-05,European Wax Center Inc,EWCZ,180.2M,17
2021-08-05,Healthcare Royalty Inc,HCRX,796.9M,15.00-17.00
2021-08-05,Adagio Therapeutics Inc,ADGI,309.4M,17
2021-08-05,Eliem Therapeutics Inc,ELYM,56.3M,12.5
2021-08-05,Orange County Bancorp Inc,OCBI,31.5M,32.00-35.00
2021-08-05,Gladstone Acquisition Corp,GLEEU,100.0M,10
2021-08-04,Blue Whale Acquisition I Corp,BWCAU,200.0M,10
2021-08-03,Healthwell Acquisition I Corp,HWELU,250.0M,10
2021-08-03,Chardan Nextech Acquisition 2 Corp,CNTQU,100.0M,10
2021-08-03,Hippo Holdings Inc,HIPO,230.0M,10
2021-08-03,"GXO Logistics, Inc.",GXO,,-
2021-07-30,Riverview Acquisition Corp,RVACU,250.0M,10
2021-07-30,Xpac Acquisition Corp,XPAXU,200.0M,10
2021-07-30,Conyers Park III Acquisition Corp,CPAAU,350.0M,10
2021-07-29,In8bio Inc,INAB,40.0M,10
2021-07-29,Muliang Viagoo Technology Inc,MULG,40.0M,4
2021-07-29,Candel Therapeutics Inc,CADL,48.6M,8
2021-07-29,Elicio Therapeutics Inc,ELTX,43.1M,12.00-14.00
2021-07-29,Ocean Biomedical Inc,OCEA,54.8M,14.00-17.00
2021-07-29,Aspire Global Inc,ASPG,135.0M,7.00-9.00
2021-07-29,Clarios International Inc,BTRY,1.8B,17.00-21.00
2021-07-29,Dole Plc,DOLE,416.0M,16
2021-07-29,Duolingo Inc,DUOL,520.8M,102
2021-07-29,Meridianlink Inc,MLNK,312.0M,26
2021-07-29,Powerschool Holdings Inc,PWSC,710.5M,18
2021-07-29,Riskified Ltd,RSKD,367.5M,21
2021-07-29,Robinhood Markets Inc,HOOD,2.1B,38
2021-07-29,Snap One Holdings Corp,SNPO,249.3M,18
2021-07-29,Icosavax Inc,ICVX,150.0M,15
2021-07-29,Preston Hollow Community Capital In,PRET,210.5M,18.00-20.00
2021-07-29,Rallybio Corp,RLYB,74.8M,13
2021-07-29,Teads Bv,TEAD,808.5M,18.00-21.00
2021-07-29,Traeger Inc,COOK,423.5M,18
2021-07-29,Da32 Life Science Tech Acquisition,DALS,200.0M,10
2021-07-29,Immuneering Corp,IMRX,105.0M,15
2021-07-29,Maxcyte Inc,MXCT,156.0M,13
2021-07-29,Nuvalent Inc,NUVL,151.3M,17
2021-07-29,Omega Therapeutics Inc,OMGA,125.8M,17
2021-07-29,Rani Therapeutics Holdings Inc,RANI,73.3M,11
2021-07-29,Rxsight Inc,RXST,117.6M,16
2021-07-29,Tenaya Therapeutics,TNYA,150.0M,15
2021-07-29,Silver Spike Investment Corp,SSIC,150.0M,14
2021-07-29,Metals Acquisition Corp,MTAL_u,250.0M,10
2021-07-29,International Media Acquisition Cor,IMAQU,200.0M,10
2021-07-29,Software Acquisition Group III Corp,SWAGU,200.0M,10
2021-07-28,Alpha Partners Technology Merger,APTMU,250.0M,10
2021-07-28,Mercury Ecommerce Acquisition Corp,MEACU,175.0M,10
2021-07-28,8i Acquisition 2 Corp,LAXXU,50.0M,10
2021-07-28,Roth Ch Acquisition IV Co,ROCGU,100.0M,10
2021-07-27,Williams Rowland Acquisition Corp,WRAC_u,200.0M,10
2021-07-22,Kaltura Inc,KLTR,150.0M,10
2021-07-22,Zenvia Inc,ZENV,150.0M,13
2021-07-22,Couchbase Inc,BASE,168.0M,24
2021-07-22,Cs Disco Inc,LAW,224.0M,32
2021-07-22,Gambling Com Group Ltd,GAMB,60.0M,8
2021-07-22,Instructure Holdings Inc,INST,250.0M,20
2021-07-22,Paycor Hcm Inc,PYCR,425.5M,23
2021-07-22,Ryan Specialty Group Holdings Inc,RYAN,1.3B,23.5
2021-07-22,Vtex,VTEX,361.0M,19
2021-07-22,Zevia Pbc,ZVIA,200.2M,14
2021-07-22,Absci Corp,ABSI,200.0M,16
2021-07-22,Core And Main Inc,CNM,696.7M,20
2021-07-22,Outbrain Inc,OB,160.0M,20
2021-07-22,Xponential Fitness Inc,XPOF,120.0M,12
2021-07-22,Caribou Biosciences Inc,CRBU,216.0M,16
2021-07-22,Cytek Biosciences Inc,CTKB,247.6M,17
2021-07-22,Sophia Genetics Sa,SOPH,234.0M,18
2021-07-21,Portage Fintech Acquisition Corp,PFTAU,200.0M,10
2021-07-20,Decarbonization Plus Acq Corp IV,DCRDU,300.0M,10
2021-07-20,Tortoiseecofin Acquisition III Corp,TRTL_u,300.0M,10
2021-07-20,Clover Leaf Capital Corp,CLOEU,125.0M,10
2021-07-20,Chavant Capital Acquisition Corp,CLAYU,80.0M,10
2021-07-16,Black Spade Acquisition Co,BSAQ_u,150.0M,10
2021-07-16,Stonebridge Acquisition Corp,APACU,200.0M,10
2021-07-15,Inspira Technologies Oxy Bhn Ltd,IINN,12.7M,5.51
2021-07-15,Blend Labs Inc,BLND,360.0M,18
2021-07-15,Membership Collective Group Inc,MCG,420.0M,14
2021-07-15,Bridge Investment Group Holdings In,BRDG,300.0M,16
2021-07-15,F45 Training Holdings Inc,FXLV,325.0M,16
2021-07-15,Phillips Edison And Co,PECO,476.0M,28
2021-07-15,Sera Prognostics Inc,SERA,75.0M,16
2021-07-15,Sight Sciences Inc,SGHT,167.5M,24
2021-07-15,Stevanato Group Spa,STVN,840.0M,21
2021-07-15,Dynacure Sa,DYCU,106.3M,15.00-17.00
2021-07-15,Erasca Inc,ERAS,280.0M,16
2021-07-15,Imago BioSciences Inc,IMGO,112.0M,16
2021-07-15,Rapid Micro Biosystems Inc,RPID,132.0M,20
2021-07-15,Tscan Therapeutics Inc,TCRX,93.8M,15
2021-07-15,Cleantech Acquisition Corp,CLAQU,150.0M,10
2021-07-15,Tradeup Acquisition Corp,UPTDU,40.0M,10
2021-07-14,Jatt Acquisition Corp,JATT_u,120.0M,10
2021-07-13,Unicycive Therapeutics Inc,UNCY,22.8M,5
2021-07-13,Arya Sciences Acquisition V Corp,ARYE,130.0M,10
2021-07-12,Good Works II Acquisition Corp,GWIIU,200.0M,10
2021-07-09,Acropolis Infrastructure Acquisitio,ACRO_u,300.0M,10
2021-07-09,Sentage Holdings Inc,SNTG,20.0M,5
2021-07-09,Galata Acquisition Corp,GLTA_u,125.0M,10
2021-07-08,Atour Lifestyle Holdings Ltd,ATAT_old,306.0M,13.50-15.50
2021-07-08,Linkdoc Technology Ltd,LDOC,211.1M,17.50-19.50
2021-07-08,Moving Image Technologies Inc,MITQ,10.5M,3
2021-07-08,Agrico Acquisition Corp,RICOU,125.0M,10
2021-07-08,Altc Acquisition Corp,ALCC,450.0M,10
2021-07-01,Intapp Inc,INTA,273.0M,26
2021-07-01,Integral Ad Science Holding Llc,IAS,270.0M,18
2021-07-01,Legalzoom Com Inc,LZ,535.4M,28
2021-07-01,Regencell Bioscience Holdings Ltd,RGCB,24.2M,8.50-10.50
2021-07-01,Glimpse Group Inc,VRAR,12.3M,7
2021-07-01,Twin Vee Powercats Co,VEEE,16.8M,5.00-6.00
2021-07-01,Xometry Inc,XMTR,302.5M,44
2021-07-01,Acumen Pharmaceuticals Inc,ABOS,133.3M,16
2021-07-01,Aerovate Therapeutics Inc,AVTE,100.1M,14
2021-07-01,Clear Secure Inc,YOU,409.2M,31
2021-07-01,Cvrx Inc,CVRX,112.5M,18
2021-07-01,D Market Electronic Services And Tr,HEPS,680.9M,12
2021-07-01,Dingdong Cayman Ltd,DDL,329.0M,23.5
2021-07-01,Evercommerce Inc,EVCM,325.0M,17
2021-07-01,Krispy Kreme Inc,DNUT,453.3M,17
2021-07-01,Nyxoah Sa,NYXH,86.8M,31.46
2021-07-01,Torrid Holdings Inc,CURV,168.0M,21
2021-07-01,Pop Culture Group Co Ltd,CPOP,36.0M,6
2021-07-01,Thunder Bridge Capital Partners IV,THCPU,225.0M,10
2021-07-01,Mountain Crest Acquisition IV Corp,MCAFU,50.0M,10
2021-07-01,Frontier Investment Corp,FICVU,200.0M,10
2021-07-01,Gobi Acquisition Corp,GOBI,250.0M,10
2021-07-01,Elliott Opportunity II Corp,EOCW_u,530.0M,10
2021-07-01,Corsair Partnering Corp,CORS_u,250.0M,10
2021-07-01,Macondray Capital Acquisition I,DRAYU,250.0M,10
2021-07-01,G3 Vrm Acquisition Corp,GGGVU,100.0M,10
2021-10-29,Vision Sensing Acquisition Corp,VSACU,88.0M,10
2021-10-29,Arbor Rapha Capital Biohldg I Corp,ARCKU,150.0M,10
2021-10-29,Cactus Acquisition 1 Corp,CCTSU,110.0M,10
2021-10-29,Altenergy Acquisition Corp,AEAEU,200.0M,10
2021-10-29,Sdcl Edge Acquisition Corp,SEDA_u,175.0M,10
2021-10-28,Arteris Inc,AIP,70.0M,14
2021-10-28,Fluence Energy Inc,FLNC,868.0M,28
2021-10-28,Globalfoundries Inc,GFS,2.6B,47
2021-10-28,Airsculpt Technologies Inc,AIRS,110.0M,11
2021-10-28,Lianbio,LIAN,325.0M,16
2021-10-28,Solo Brands Inc,DTC,219.4M,17
2021-10-28,Udemy Inc,UDMY,420.5M,29
2021-10-28,Hireright Holdings Corp,HRT,422.2M,19
2021-10-28,Aura Biosciences Inc,AURA,70.0M,14
2021-10-28,Entrada Therapeutics Inc,TRDA,150.0M,20
2021-10-28,Sonendo Inc,SONX,93.6M,12
2021-10-28,Lava Medtech Acquisition Corp,LVACU,100.0M,10
2021-10-28,Perception Capital II Corp,PCCTU,200.0M,10
2021-10-28,Project Energy Reimagined Acq Corp,PEGRU,250.0M,10
2021-10-28,Focus Impact Acquisition Corp,FIACU,200.0M,10
2021-10-28,Seaport Calibre Materials Acq Corp,SCMAU,130.0M,10
2021-10-28,Better Therapeutics Inc,BTTX,50.0M,10
2021-10-27,Deep Medicine Acquisition Corp,DMAQU,100.0M,10
2021-10-27,Innovative International Acq Corp,IOACU,200.0M,10
2021-10-27,Tkb Critical Technologies 1,USCTU,200.0M,10
2021-10-27,Pyrophyte Acquisition Corp,PHYT_u,175.0M,10
2021-10-27,Opy Acquisition I Corp,OHAAU,110.0M,10
2021-10-22,Pegasus Digital Mobility Acq Corp,PGSS_u,200.0M,10
2021-10-22,M3 Brigade Acquisition III Corp,MBSC_u,261.0M,10
2021-10-22,Iconic Sports Acquisition Corp,ICNC_u,300.0M,10
2021-10-21,Context Therapeutics Inc,CNTX,25.0M,5
2021-10-21,Sportsmap Tech Acquisition Corp,SMAPU,100.0M,10
2021-10-21,Enfusion Inc,ENFN,318.8M,17
2021-10-21,Portillos Inc,PTLO,405.4M,20
2021-10-21,Stronghold Digital Mining Inc,SDIG,111.8M,19
2021-10-21,P10 Inc,PX,240.0M,12
2021-10-21,The Vita Coco Co,COCO,172.5M,15
2021-10-21,Aris Water Solutions Inc,ARIS,229.5M,13
2021-10-21,Enterprise 4 0 Technology Acquisiti,ENTFU,250.0M,10
2021-10-21,Minerva Surgical Inc,UTRS,75.0M,12
2021-10-21,Ventyx Biosciences Inc,VTYX,125.0M,16
2021-10-21,Global Technology Acquisition I Corp,GTACU,150.0M,10
2021-10-21,Xilio Therapeutics Inc,XLO,117.6M,16
2021-10-21,Newhold Investment Corp II,NHICU,175.0M,10
2021-10-21,Gogreen Investments Corp,GOGN_u,240.0M,10
2021-10-21,Accretion Acquisition Corp,ENERU,180.0M,10
2021-10-21,Thrive Acquisition Corp,THACU,150.0M,10
2021-10-21,Excelfin Acquisition Corp,XFINU,200.0M,10
2021-10-20,Esgen Acquisition Corp,ESACU,200.0M,10
2021-10-20,Worldwide Webb Acquisition Corp,WWACU,200.0M,10
2021-10-20,Newcourt Acquisition Corp,NCACU,200.0M,10
2021-10-20,Athena Consumer Acquisition Corp,ACAQ_u,200.0M,10
2021-10-20,Industrial Human Capital Inc,AXH_u,100.0M,10
2021-10-18,Cyngn Inc,CYN,26.5M,7.5
2021-10-15,Founder Spac,FOUNU,275.0M,10
2021-10-15,Achari Ventures Holdings I Corp,AVHIU,100.0M,10
2021-10-15,Pepperlime Health Acquisition Corp,PEPLU,150.0M,10
2021-10-15,Sanaby Health Acquisition I Corp,SANBU,150.0M,10
2021-10-14,Avidxchange Holdings Inc,AVDX,550.0M,25
2021-10-14,Gitlab Inc,GTLB,800.8M,77
2021-10-14,Ihs Holding Ltd,IHS,472.5M,21
2021-10-14,Lucid Diagnostics Inc,LUCD,70.0M,14
2021-10-14,Rose Hill Acquisition Corp,ROSEU,125.0M,10
2021-10-14,Paragon 28 Inc,FNA,125.0M,16
2021-10-14,Mink Therapeutics Inc,INKT,48.0M,12
2021-10-14,Tristar Acquisition I Corp,TRIS_u,200.0M,10
2021-10-14,Black Mountain Acquisition Corp,BMAC_u,240.0M,10
2021-10-13,Fat Projects Acquisition Corp,FATPU,100.0M,10
2021-10-13,Catalyst Bancorp Inc,CLST,52.9M,10
2021-10-12,Gesher I Acquisition Corp,GIACU,100.0M,10
2021-10-08,Maxpro Capital Acquisition Corp,JMACU,90.0M,10
2021-10-08,Learn Cw Investment Corp,LCW_u,200.0M,10
2021-10-08,Schultze Special Purpose Acquis II,SAMAU,150.0M,10
2021-10-08,Hawks Acquisition Corp,HWKZ_u,200.0M,10
2021-10-07,Life Time Group Holdings Inc,LTH,831.6M,18
2021-10-07,Theseus Pharmaceuticals Inc,THRX,133.3M,16
2021-10-07,Healthcare Triangle Inc,HCTI,36.7M,4
2021-10-07,Cognition Therapeutics Inc,CGTX,40.2M,12
2021-10-07,Isoplexis Corp,ISO,125.0M,15
2021-10-07,Pyxis Oncology Inc,PYXXO,168.0M,16
2021-10-07,Volcon Inc,VLCN,16.6M,5.5
2021-10-07,IX Acquisition Corp,IXAQU,200.0M,10
2021-10-06,Parsec Capital Acquisitions Corp,PCXCU,75.0M,10
2021-10-06,Avalon Acquisition Inc,AVACU,180.0M,10
2021-10-06,Enphys Acquisition Corp,NFYS_u,300.0M,10
2021-10-06,Phoenix Biotech Acquisition Corp,PBAXU,155.0M,10
2021-10-05,Crixus Bh3 Acquisition Co,BHACU,200.0M,10
2021-10-05,Mount Rainier Acquisition Corp,RNERU,150.0M,10
2021-10-01,Monterey Bio Acquisition Corp,MTRYU,100.0M,10
2021-09-30,Olaplex Holdings Inc,OLPX,1.4B,21
2021-09-30,First Watch Restaurant Group Inc,FWRG,170.3M,18
2021-09-30,Exscientia Ltd,EXAI,288.1M,22
2021-09-30,Tdcx Inc,TDCX,337.9M,18
2021-09-30,Home Plate Acquisition Corp,HPLTU,200.0M,10
2021-09-30,Hennessy Capital Investment VI Corp,HCVIU,300.0M,10
2021-09-30,Compass Digital Acquisition Corp,CDAQU,200.0M,10
2021-09-30,Artemis Strategic Investment Corp,ARTEU,175.0M,10
2021-09-30,Dmy Technology Group VI Inc,DMYS_u,175.0M,10
2021-09-30,Marblegate Acquisition Corp,GATEU,300.0M,10
2021-09-29,Warby Parker Inc,WRBY,3.1B,40
2021-09-29,Meli Kaszek Pioneer Corp,MEKA,250.0M,10
2021-09-28,Amplitude Inc,AMPL,1.8B,50
2021-09-28,Parabellum Acquisition Corp,PRBM_u,125.0M,10
2021-09-28,Berenson Acquisition I Corp,BACA_u,250.0M,10
2021-09-24,Cue Health Inc,HLTH,200.0M,16
2021-09-24,Direct Selling Acquisition Corp,DSAQ_u,200.0M,10
2021-09-24,Amci Acquisition II Corp,AMCIU,150.0M,10
2021-09-24,GigCapital5 Inc,GIA_u,200.0M,10
2021-09-23,A K A Brands Holding Corp,AKA,152.8M,11
2021-09-23,Engagesmart Llc,ESMT,378.3M,26
2021-09-23,Sterling Check Corp,STER,328.6M,23
2021-09-23,Thorne Healthtech Inc,THRN,90.0M,10
2021-09-23,Toast Inc,TOST,869.6M,40
2021-09-23,Brilliant Earth Group Inc,BRLT,200.0M,12
2021-09-23,Clearwater Analytics Holdings Inc,CWAN,540.0M,18
2021-09-23,Remitly Global Inc,RELY,523.0M,43
2021-09-23,Sovos Brands Inc,SOVO,280.0M,12
2021-09-23,Live Oak Crestview Climate Acquisit,LOCC_u,200.0M,10
2021-09-23,Argo Blockchain Plc,ARBK,112.5M,15
2021-09-22,Freshworks Inc,FRSH,1.0B,36
2021-09-22,Inflection Point Acquisition Corp,IPAXU,300.0M,10
2021-09-22,Argus Capital Corp,ARGUU,265.0M,10
2021-09-20,Hhg Capital Corp,HHGCU,50.0M,10
2021-09-17,Ginkgo Bioworks,DNA,,-
2021-09-16,Enact Holdings Inc,ACT,252.9M,19
2021-09-16,Definitive Healthcare Corp,DH,420.0M,27
2021-09-16,Dutch Bros Inc,BROS,484.2M,23
2021-09-16,Forgerock Inc,FORG,275.0M,25
2021-09-16,On Holding Ltd,ONON,746.4M,24
2021-09-16,Procept Biorobotics Corp,PRCT,137.5M,25
2021-09-16,Sportradar Group Ag,SRAD,513.0M,27
2021-09-16,Dice Molecules Holdings Llc,DICE,170.0M,17
2021-09-16,Tyra Biosciences Inc,TYRA,107.2M,16
2021-09-16,Turing Holding Corp,TWKS,773.7M,21
2021-09-16,Soar Technology Acquisition Corp,FLYA_u,200.0M,10
2021-09-15,Sierra Lake Acquisition Corp,SIERU,300.0M,10
2021-09-15,Aesther Healthcare Acquisition Corp,AEHAU,100.0M,10
2021-09-15,Ciig Capital Partners II Inc,CIIGU,225.0M,10
2021-09-15,Winvest Acquisition Corp,WINVU,100.0M,10
2021-09-14,Endurance Acquisition Corp,EDNCU,200.0M,10
2021-09-14,Pacifico Acquisition Corp,PAFOU,50.0M,10
2021-09-13,Ezfill Holdings Inc,EZFL,25.0M,4
2021-09-13,Pasithea Therapeutics Corp,KTTA,14.5M,5
2021-09-10,Silverspac Inc,SLVRU,250.0M,10
2021-09-10,Bannix Acquisition Corp,BNIXU,50.0M,10
2021-09-10,Future Health Esg Corp,FHLTU,200.0M,10
2021-09-10,First Light Acquisition Group Inc,FLAG_u,200.0M,10
2021-09-09,Banner Acquisition Corp,BNNRU,150.0M,10
2021-09-02,Renovorx Inc,RNXT,16.7M,9
2021-09-02,Seqll Inc,SQL,9.8M,4.25
2021-09-02,Dtrt Health Acquisition Corp,DTRTU,200.0M,10
2021-09-02,Insight Acquisition Corp,INAQ_u,240.0M,10
2021-09-01,Concord Acquisition II Corp,CNDA_u,250.0M,10
2021-09-01,Yoantion Industrial,301053,242.6M,11.87
2021-12-28,Welsbach Technology Metals Acq Corp,WTMAU,75.0M,10
2021-12-27,Arogo Capital Acquisition Corp,AOGOU,90.0M,10
2021-12-23,Hour Loop Inc,HOUR,6.0M,4
2021-12-23,Aetherium Acquisition Corp,GMFIU,100.0M,10
2021-12-22,Gardiner Healthcare Acquisitions Corp,GDNRU,75.0M,10
2021-12-21,Nexgel Inc,NXGL,14.1M,6.83
2021-12-21,Sagaliam Acquisition Corp,SAGAU,100.0M,10
2021-12-21,Larkspur Health Acquisition Corp,LSPRU,75.0M,10
2021-12-20,Northview Acquisition Corp,NVACU,150.0M,10
2021-12-17,Ap Acquisition Corp,APCA_u,150.0M,10
2021-12-17,Revelstone Capital Acquisition Corp,RCACU,150.0M,10
2021-12-16,Cf Acquisition VII Corp,CFFSU,175.0M,10
2021-12-16,Ault Disruptive Technologies Corp,ADRT_u,100.0M,10
2021-12-16,Ftac Emerald Acquisition Corp,EMLDU,220.0M,10
2021-12-16,Spree Acquisition Corp 1 Ltd,SHAP_u,175.0M,10
2021-12-15,Immix Biopharma Inc,IMMX,19.1M,5
2021-12-15,Swiftmerge Acquisition Corp,IVCPU,200.0M,10
2021-12-15,Investcorp Europe Acq I Corp,IVCBU,250.0M,10
2021-12-15,Pearl Holdings Acquisition Corp,PRLHU,175.0M,10
2021-12-15,Ahren Acquisition Corp,AHRNU,275.0M,10
2021-12-15,Eve Mobility Acquisition Corp,EVE_u,220.0M,10
2021-12-15,Battery Future Acquisition Corp,BFAC_u,300.0M,10
2021-12-15,Samsara Inc,IOT,805.0M,23
2021-12-14,Genenta Science Spa,GNTA,30.0M,11.5
2021-12-14,Kairous Acquisition Corp,KACLU,75.0M,10
2021-12-13,Bionomics Ltd,BNOX,25.0M,15.45
2021-12-13,Alpha Star Acquisition Corp,ALSAU,100.0M,10
2021-12-10,Forbion European Acquisition Corp,FRBNU,100.0M,10
2021-12-10,Trajectory Alpha Acquisition Corp,TCOA_u,200.0M,10
2021-12-10,Healthcare AI Acquisition Corp,HAIAU,110.0M,10
2021-12-10,Southport Acquisition Corporation,PORT_u,200.0M,10
2021-12-10,Power And Digital Infra Acq II Corp,XPDBU,250.0M,10
2021-12-10,The Growth for Good Acq Corporation,GFGDU,220.0M,10
2021-12-10,Burtech Acquisition Corp,BRKHU,250.0M,10
2021-12-10,Athena Technology Acq Corp II,ATEK_u,250.0M,10
2021-12-09,Nu Holdings Ltd,NU,289.2M,9
2021-12-09,Chicago Atlantic Real Estate Financ,REFI,100.0M,16
2021-12-09,Fresh Grapes Llc,VINE,22.0M,10
2021-12-09,Hashi Corp,HCP,15.3M,80
2021-12-09,Financial Strategies Acq Corp,FXCOU,87.0M,10
2021-12-09,Sidus Space Inc,SIDU,15.0M,5
2021-12-09,Neurosense Therapeutics Ltd,NRSN,11.1M,6
2021-12-09,Genesis Growth Tech Acq Corp,GGAAU,200.0M,10
2021-12-09,Target Global Acquisition I Corp,TGAAU,200.0M,10
2021-12-09,Jackson Acquisition Co,RJAC_u,200.0M,10
2021-12-09,Inception Growth Acquisition Ltd,IGTAU,90.0M,10
2021-12-09,Integrated Wellness Acq Corp,WEL_u,100.0M,10
2021-12-09,Sculptor Acquisition Corp I,SCUA_u,200.0M,10
2021-12-07,Apx Acquisition I Corp,APXIU,150.0M,10
2021-12-07,Motive Capital II Corp,MTVC_u,300.0M,10
2021-12-07,Globalink Investment Inc,GLLIU,100.0M,10
2021-12-07,Jupiter Wellness Acquisition Corp,JWACU,120.0M,10
2021-12-03,Blue Ocean Acquisition Corp,BOCNU,150.0M,10
2021-12-03,Bullpen Parlay Acquisition Co,BPACU,200.0M,10
2021-12-03,St Energy Transition I Ltd,STET_u,250.0M,10
2021-12-03,Crypto 1 Acquisition Corp,DAOOU,200.0M,10
2021-12-02,Games Esports Exp Acq Corp,GEEXU,175.0M,10
2021-12-02,Roc Energy Acquisition Corp,ROCAU,180.0M,10
2021-12-02,Uta Acquisition Corp,UTAAU,200.0M,10
2021-12-02,Bioplus Acquisition Corp,BIOSU,180.0M,10
2021-12-01,Tlgy Acquisition Corp,TLGYU,200.0M,10
2021-12-01,Roth Ch Acquisition V Co,ROCLU,10.0M,10
2021-12-01,Capitalworks Emerging Mkts Acq Corp,CMCAU,20.0M,10
2021-11-30,Canna Global Acquisition Corp,CNGLU,200.0M,10
2021-11-30,Proof Acquisition I Corp,PACI_u,240.0M,10
2021-11-24,Aeroclean Technologies Llc,AERC,25.0M,10
2021-11-24,Beard Energy Transition Acq Corp,BRD_u,20.0M,10
2021-11-24,Everest Consolidator Acq Corp,MNTN_u,15.0M,10
2021-11-23,Legato Merger II Corp,LGTOU,200.0M,10
2021-11-23,Vahanna Tech Edge Acq I Corp,VHNAU,150.0M,10
2021-11-23,Mana Capital Acquisition Corp,MAAQU,6.2M,10
2021-11-19,Finwise Bancorp,FINW,33.4M,10.5
2021-11-19,Ftac Zeus Acquisition Corp,ZINGU,300.0M,10
2021-11-19,Infinite Acquisition Corp,NFNT_u,240.0M,10
2021-11-19,Crescera Capital Acquisition Corp,CRECU,175.0M,10
2021-11-19,Infint Acquisition Corp,IFIN_u,173.9M,10
2021-11-18,Sono Group,SEV,150.0M,15
2021-11-18,User Testing Inc,USER,198.4M,14
2021-11-18,Snow Lake Resources Ltd,LITM,21.4M,7.5
2021-11-18,Sangoma Technologies Corp,SANG,124.7M,22.68
2021-11-18,Bleuacacia Ltd,BLEUU,200.0M,10
2021-11-18,Arisz Acquisition Corp,ARIZU,60.0M,10
2021-11-18,Alsp Orchid Acquisition I Corp,ALORU,150.0M,10
2021-11-17,Sweetgreen Inc,SG,350.0M,28
2021-11-17,Nabors Energy Transition Corp,NETC_u,240.0M,10
2021-11-17,Seaport Global Acquisition II Corp,SGIIU,125.0M,10
2021-11-17,Shoulderup Technology Acq Corp,SUAC_u,265.0M,10
2021-11-17,Lf Capital Acquisition II Corp,LFACU,225.0M,10
2021-11-16,Iris Energy Ltd,IREN,231.5M,28
2021-11-15,Oncology Institute Inc,TOI,200.0M,10
2021-11-12,Integrated Rail and Resc Acq Corp,IRRX_u,200.0M,10
2021-11-12,Mountain Crest Acquisition V Corp,MCAGU,60.0M,10
2021-11-11,Expensify Inc,EXFY,262.7M,27
2021-11-11,Lulus Fashion Lounge Holdings Inc,LVLU,92.0M,16
2021-11-11,CI And T,CINT,291.7M,15
2021-11-11,Backblaze Inc,BLZE,100.0M,16
2021-11-11,Rivian Automotive Inc,RIVN,11.9B,78
2021-11-11,Weave Communications Inc,WEAV,120.0M,24
2021-11-11,Vaxxinity Inc,VAXX,87.1M,13
2021-11-11,Mynaric Ag,MYNA,69.9M,17.48
2021-11-11,Journey Medical Corp,DERM,32.0M,10
2021-11-11,Tivic Health Systems Inc,TIVC,13.6M,5
2021-11-11,Heartbeam Inc,BEAT,16.5M,6
2021-11-11,Lamf Global Ventures I Corp,LGVCU,200.0M,10
2021-11-11,Vmg Consumer Acquisition Corp,VMGAU,200.0M,10
2021-11-10,Third Coast Bancshares,TCBX,75.0M,25
2021-11-10,Omnilit Acquisition Corp,OLITU,125.0M,10
2021-11-10,Green Visor Fin Tech Acq I Corp,GVCIU,150.0M,10
2021-11-10,Bluejay Diagnostics Inc,BJDX,18.0M,10
2021-11-10,Chain Bridge I,CBRGU,200.0M,10
2021-11-10,Arena Fortify Acquisition Corp,AFACU,150.0M,10
2021-11-10,Ascendant Digital Acq III Corp,ACDI_u,261.0M,10
2021-11-10,Blockchain Coinvestors Acq I Corp,BCSAU,261.0M,10
2021-11-10,Rcf Acquisition Corp,RCFA_u,200.0M,10
2021-11-09,Stran And Co Inc,STRN,13.8M,4.15
2021-11-09,Hunt Companies Acquisition I Corp,HTAQ_u,200.0M,10
2021-11-09,Apeiron Capital Investment Corp,APN_u,150.0M,10
2021-11-09,Dp Cap Acquisition I Corp,DPCSU,200.0M,10
2021-11-05,New Providence Acquisition II Corp,NPABU,225.0M,10
2021-11-05,Mountain I Acquisition Corp,MCAAU,200.0M,10
2021-11-05,7 Acquisition Corp,SVNAU,200.0M,10
2021-11-05,Intelligent Medicine Acq Corp,IQMDU,180.0M,10
2021-11-05,Rigel Resource Acquisition Corp,RRAC_u,275.0M,10
2021-11-04,Augmedix Inc,AUGX,26.7M,4
2021-11-04,Informatica Inc,INFA,841.0M,29
2021-11-04,Rent the Runway Inc,RENT,315.0M,21
2021-11-04,Claros Mortgage Trust Inc,CMTG,130.6M,18.65
2021-11-04,Nerdwallet Inc,NRDS,130.5M,18
2021-11-04,Arhaus Inc,ARHS,297.7M,13
2021-11-04,Real Good Food Company Inc,RGF,64.0M,12
2021-11-04,Mainz Biomed Bv,MYNZ,10.0M,5
2021-11-04,Cian Plc,CIAN,291.4M,16
2021-11-04,Io Biotech Inc,IOBT,91.0M,14
2021-11-04,Kidpik Corp,PIK,14.2M,8.5
2021-11-04,Evotec Se,EVO,575.5M,26.16
2021-11-04,Finnovate Acquisition Corp,FNVTU,150.0M,10
2021-11-04,Liberty Resources Acquisition Corp,LIBYU,100.0M,10
2021-11-04,Mercato Partners Acquisition Corp,MPRAU,200.0M,10
2021-11-04,Lionheart III Corp,LIONU,115.0M,10
2021-11-04,Spindletop Health Acquisition Corp,SHCAU,200.0M,10
2021-11-04,Concord Acquisition III Corp,CNDB_u,300.0M,10
2021-11-04,Juniper II Corp,JUN_u,260.0M,10
2021-11-04,Semper Paratus Acquisition,LGSTU,300.0M,10
2021-11-04,Bird Global Inc,BRDS,275.0M,10
2021-11-03,Cadre Holdings Inc,CDRE,75.0M,13
2021-11-03,Allbirds Inc,BIRD,288.5M,15
2021-11-03,TG Venture Acquisition Corp,TGVCU,100.0M,10
2021-11-03,Talon 1 Acquisition Corp,TOACU,200.0M,10
2021-11-03,McLaren Technology Acquisition Corp,MLAIU,175.0M,10
2021-11-03,Sizzle Acquisition Corp,SZZLU,125.0M,10
2021-11-03,Onyx Acquisition I Co,ONYXU,200.0M,10
2021-11-03,Trine II Acquisition Corp,TRAQ_u,360.0M,10
2021-11-03,Aurora Innovation Inc,AUR,850.0M,10
2021-11-02,Fortune Rise Acquisition Corp,FRLAU,85.0M,10
2022-03-31,Rail Vision Ltd,RVSN,8.1M,4.13
2022-03-31,Investcorp India Acq Corp,IVCAU,225.0M,10
2022-03-31,Expion 360 Inc,EXPN,15.0M,7
2022-03-31,Redwoods Acq Corp,RWODU,100.0M,10
2022-03-24,Rf Acq Corp,RFACU,100.0M,10
2022-03-24,An2 Therapeutics Inc,ANTX,60.0M,15
2022-03-24,Locafy Ltd,LCFY,10.0M,5.5
2022-03-17,Akanda Corp,AKAN,16.0M,4
2022-03-17,Goldenstone Acq Ltd,GDSTU,50.0M,10
2022-03-09,Lakeshore Acq II Corp,LBBBU,60.0M,10
2022-03-02,Shuaa Partners Acq I Corp,SHUAU,100.0M,10
2022-03-02,Kensington Capital Acq IV Corp,KCAC_u,200.0M,10
2022-03-02,Beamr Imaging Inc,BMR,7.0M,5
2022-03-01,Valuence Merger I Corp,VMCAU,200.0M,10
2022-02-24,GSR II Meteora Acquisition Corp,GSRMU,275.0M,10
2022-02-24,Clean Earth Acq Corp,CLINU,200.0M,10
2022-02-18,Powerup Acq Corp,PWUPU,250.0M,10
2022-02-18,Blue Water Vaccines Inc,BWV,20.0M,9
2022-02-17,Meihua Intl Med Tech Co Ltd,MEIU,39.0M,10
2022-02-16,Future Tech II Acquisition Corp,FTIIU,100.0M,10
2022-02-16,Axios Sustainable Growth Acq Corp,AXAC_u,150.0M,10
2022-02-15,Genesis Unicorn Capital Corp,GENQU,75.0M,10
2022-02-11,Jaguar Global Growth Corp I,JGGCU,200.0M,10
2022-02-11,Signal Hill Acq Corp,SGHLU,100.0M,10
2022-02-11,Relativity Acq Corp,RACYU,125.0M,10
2022-02-10,Direct Digital Holdings Corp,DRCT,12.1M,5.5
2022-02-10,Sky Technologies Inc,SKYX,21.0M,14
2022-02-10,Heartcore Enterprises Inc,HTCR,15.0M,5
2022-02-09,Evergreen Corp,EVGRU,100.0M,10
2022-02-09,Counter Press Acquisition Corp,CPAQU,75.0M,10
2022-02-09,Sondors Inc,SODR,25.0M,8.00-10.00
2022-02-08,Liv Capital Acquisition II Corp,LIVBU,100.0M,10
2022-02-04,Kimbell Tiger Acquisition Corp,TGR_u,200.0M,10
2022-02-03,Arcellx Inc,ACLX,123.8M,15
2022-02-03,Sound Point Acq I Corp,SPCMU,200.0M,10
2022-02-02,Maris Tech Ltd,MTEK,15.5M,4.2
2022-02-01,Alset Capital Acq Corp,ACAXU,75.0M,10
2022-01-27,Modular Medical Inc,MODD,30.0M,12.49
2022-01-27,Credo Technology Grp Hldg Ltd,CRDO,250.0M,10
2022-01-27,Knightscope Inc,KSCP,40.0M,10
2022-01-26,Fgi Industries Ltd,FGI,15.0M,6
2022-01-25,Keyarch Acquisition Corp,KYCHU,10.0M,10
2022-01-25,Latamgrowth Spac,LATGU,130.0M,10
2022-01-24,Generation Asia I Acq Ltd,GAQ_u,200.0M,10
2022-01-21,Knightswan Acquisition Corp,KNSW_u,20.0M,10
2022-01-21,Heartland Media Acq Corp,HMA,17.5M,10
2022-01-20,Banyan Acquisition Corp,BYN_u,200.0M,10
2022-01-20,Duet Acquisition Corp,DUETU,75.0M,10
2022-01-19,Nsts Bancorp Inc,NSTS,44.2M,9.6
2022-01-19,Aib Acquisition Corp,AIBBU,75.0M,10
2022-01-18,Tech and Telecom Acq Corp,TETEU,100.0M,10
2022-01-14,Atlantic Coastal Acq Corp II,ACABU,261.0M,10
2022-01-14,Papaya Growth Opportunity Corp I,PPYAU,250.0M,10
2022-01-13,Cfsb Bancorp Inc,CFSB,24.7M,10
2022-01-13,Andretti Acquisition Corp,WNNR_u,200.0M,10
2022-01-13,Consilium Acquisition I Corp,CSLMU,150.0M,10
2022-01-12,Tpg Inc,TPG,1.0B,29.5
2022-01-12,Industrial Tech Acquisitions II Inc,ITAQU,150.0M,10
2022-01-12,Hillstream Biopharma Inc,HILS,12.0M,4
2022-01-12,Gores Holding IX Inc,GHIXU,525.0M,10
2022-01-12,10X Capital Venture III Acq Corp,VCXB_u,261.0M,10
2022-01-12,Western Acquisition Ventures Corp,WAVSU,100.0M,10
2022-01-07,Viscogliosi Brothers Acq Corp,VBOCU,75.0M,10
2022-01-06,Vigil Neuroscience Inc,VIGL,98.0M,14
2022-01-06,Cincor Pharma Inc,CINC,176.0M,16
2022-01-06,Amylyx Pharmaceuticals Inc,AMLX,166.3M,19
2022-01-06,C5 Acquisition Corp,CXAC_u,250.0M,10
2022-01-06,Screaming Eagle Acquisition Corp,SCRMU,750.0M,10
2022-01-05,Cartica Acquisition Corp,CITEU,200.0M,10
2022-01-01,American Acq Opportunity Inc,AMAO,100.0M,10
2022-01-01,Ftac Parnassus Acquisition Corp,FTPA,220.0M,10
2022-01-01,Post Holdings Partnering Corp,PSPC,400.0M,10
2022-01-01,Virgin Group Acquisition Corp II,VGII,330.0M,10
2022-01-01,Svf Investment Corp 2,SVFB,200.0M,10
2022-01-01,Hcm Acquisition Corp,HCMAU,250.0M,10
2022-01-01,Acamar Partners Acquisition Corp II,ACAMU,350.0M,10
2022-01-01,Marlin Technology Corporation,FINM,300.0M,10
2022-01-01,Edify Acquisition Corp,EAC,200.0M,10
2022-01-01,Arrowroot Acquisition Corp,ARRW,250.0M,10
2022-06-30,Quidelortho Corp,QDEL,,-
2022-06-30,Iac Interactive Corp,IAC,,-
2022-06-23,Ivanhoe Electric Inc,IE,169.1M,11.75
2022-06-23,Golden Sun Education Group,GSUN,17.6M,4
2022-06-23,Alvotech Sa,ALVO,225.0M,10
2022-06-16,Intelligent Living App Group Inc,ILAG,25.3M,5
2022-06-16,Feutune Light Acquisition Corp,FLFVU,85.0M,10
2022-06-14,Heart Test Laboratories Inc,HSCS,7.4M,4.25
2022-06-10,Acri Capital Acquisition Corp,ACACU,75.0M,10
2022-06-07,Phoenix Motor Inc,PEV,18.8M,7.5
2022-06-01,Zhong Yang Fin Group Ltd,TOP,25.0M,5
2022-05-31,Saverone 2014 Ltd,SVRE,9.3M,4.13
2022-05-25,Brenmiller Energy Ltd,BNRG,17.3M,5.18
2022-05-17,Visionary Edu Tech Hldg Group Inc,VEDU,17.0M,4
2022-05-13,Profrac Holding Corp,PFHC,288.0M,18
2022-05-13,Okyo Pharma Ltd,OKYO,5.0M,5.2
2022-05-12,Hanover Bancorp Inc,HNVR,28.6M,21
2022-05-06,Bausch Lomb Corp,BLCO,630.0M,18
2022-05-05,Austin Gold Corp,AUST,12.0M,4
2022-05-05,Pepgen Inc,PEPG,86.4M,12
2022-05-03,A Spac II Acq Corp,ASCBU,185.0M,10
2022-04-28,Edible Garden Ag Inc,EDBL,10.7M,5
2022-04-28,Belite Bio Inc,BLTE,36.0M,6
2022-04-28,Tenon Medical Inc,TNON,20.0M,5
2022-04-28,Hillevax Inc,HLVX,175.0M,17
2022-04-28,Chenghe Acq Co,CHEAU,100.0M,10
2022-04-27,Ostin Tech Group Co Ltd,OST,13.5M,4
2022-04-26,Climaterock,CLRCU,75.0M,10
2022-04-26,Aimfinity Investment I Corp,AIMAU,70.0M,10
2022-04-22,Je Cleantech Holdings Ltd,JCSE,15.0M,4
2022-04-22,Aclarion Inc,ACON,9.6M,4.35
2022-04-20,Yotta Acquisition Corp,YOTAU,100.0M,10
2022-04-14,Genius Group Ltd,GNS,43.6M,6
2022-04-14,Excelerate Energy Inc,EE,384.0M,24
2022-04-14,Sharps Technology Inc,STSS,15.9M,4.25
2022-04-08,Aura Fat Projects Acq Corp,AFARU,100.0M,10
2022-04-07,Denali Capital Acq Corp,DECAU,75.0M,10
2022-04-01,Metal Sky Star Acq Corp,MSSAU,100.0M,10
2022-09-30,Qomolangma Acq Corp,QOMOU,50.0M,10
2022-09-27,Atlis Motor Vehicles Inc,AMV,,30.11
2022-09-22,Laser Photonics Inc,LASE,15.0M,5
2022-09-15,Global Star Acq Inc,GLSTU,80.0M,10
2022-09-15,Nexalin Tech Inc,NXL,10.5M,7
2022-09-13,Wearable Devices Ltd,WLDS,15.3M,4.25
2022-09-09,Third Harmonic Bio Inc,THRD,153.0M,17
2022-09-08,Yoshiharu Global Co,YOSH,9.8M,4
2022-09-05,Know Labs Inc,KNWN,6.0M,2
2022-09-01,Bio Affinity Tech Inc,BIAF,7.9M,6.13
2022-08-31,Shuttle Pharma Inc,SHPH,10.0M,8.13
2022-08-30,Hempacco Co Inc,HPCO,6.0M,6
2022-08-29,Jeffs Brands Ltd,JBFR,10.4M,4.16
2022-08-26,Onfolio Holdings Inc,ONFO,7.7M,4.5
2022-08-26,Jianzhi Education Tech Group Inc,JZ,25.0M,5
2022-08-25,Mobilicom Ltd,MOB,11.8M,7.43
2022-08-24,Starbox Group Holdings Ltd,STAO,20.0M,4
2022-08-18,Gigacloud Technology Inc,GCT,42.9M,12.25
2022-08-15,Innovative Eyewear Inc,LUCY,11.5M,7.5
2022-08-12,Corphousing Group Inc,CHG,18.0M,4
2022-08-11,Forza X1 Inc,FRZA,15.0M,5
2022-08-11,Treasure Global Inc,TGL,6.0M,4
2022-08-11,Hainan Manaslu Acq Corp,HMACU,60.0M,10
2022-08-05,Magic Empire Global Ltd,MEGL,20.0M,4
2022-08-04,Neovolta Inc,NEOV,4.5M,4
2022-08-04,Bruush Oral Care Inc,BRSH,10.3M,4.16
2022-08-04,Mobiv Acq Corp,MOBVU,87.0M,10
2022-08-04,Pono Capital Two Inc,PTWOU,100.0M,10
2022-07-28,Mobile Global Esports Inc,MGAM,11.3M,4.5
2022-07-28,Maia Biotechnology Inc,MAIA,8.3M,5
2022-07-28,Ecb Bancorp Inc,ECBK,106.4M,10
2022-07-21,Virax Biolabs Group Ltd,VRAX,6.8M,5
2022-07-12,Nano Labs Ltd,NA,20.4M,11.5
2022-07-07,Netcapital Inc,NCPL,6.0M,7.65
2022-07-06,Abeona Therapeutics Inc,ABEO,,-
2022-12-29,Coya Therapeutics Inc,COYA,15.3M,5
2022-12-29,Lightjump Acq Corp,LJAQ,120.0M,10
2022-12-22,Horizon Space Acquisition I Corp,HSPOU,60.0M,10
2022-12-20,Alphavest Acquisition Corp,ATMVU,60.0M,10
2022-12-14,Advanced Merger Partners Inc,AMPI,250.0M,10
2022-12-12,Glenfarne Merger Corp,GGMC,250.0M,10
2022-12-09,Micro Algo Acq Corp,MLGO,40.0M,10
2022-12-08,Adamas One Corp,JEWL,32.2M,4.5
2022-12-07,Lakeshore Acquisition I Corp,OSA,50.0M,10
2022-11-25,H Lundbeck As,HLUNa,,-
2022-11-15,Acrivon Therapeutics Inc,ACRV,73.8M,12.5
2022-11-13,Spring Valley Acquisition II Corp,SVII,200.0M,10
2022-11-10,Atour Lifestyle Holdings Ltd,ATAT,52.3M,11
2022-11-10,Plutonian Acquisition Corp,PLTNU,50.0M,10
2022-11-10,Snail Inc,SNAL,15.0M,5
2022-10-27,Mobileye Global Inc,MBLY,861.0M,21
2022-10-20,Prime Medicine Inc,PRME,151.3M,17
2022-10-13,Hudson Acquisition I Corp,HUDAU,60.0M,10
2022-10-11,Castellum Inc,CTM,6.4M,2
2023-03-31,Syla Technologies Co Ltd,SYT,15.0M,8
2023-03-30,Shengfeng Development Inc,SFWL,12.0M,4
2023-03-30,Chanson Int Inc,CHSN,15.0M,4
2023-03-30,Jin Medical Int Ltd,ZJYL,10.0M,8
2023-03-29,Yangufang Inter Group Co Ltd,YGF,20.0M,4
2023-03-22,Mangoceuticals Inc,MNGO,5.0M,4
2023-03-22,Ohmyhome Inc,OMH,13.0M,4
2023-03-16,Iczoom Group Inc,IZM,6.0M,4
2023-03-14,Kins Technology Group Inc,CXAIW,,-
2023-03-09,Atlas Energy Solutions Inc,AESI,324.0M,18
2023-03-09,Xiao I Corp,AIXI,40.8M,6.8
2023-03-02,Intchains Group Ltd,ICG,10.0M,8
2023-02-17,Caliber Cos Inc,CWD,6.4M,4
2023-02-14,Mars Acquisition Corp,MARXU,60.0M,10
2023-02-13,Mineralys Therapeutics Inc,MLYS,160.0M,16
2023-02-13,Enlight Renewable Energy Inc,ENLT,293.4M,20.96
2023-02-09,Nextracker Inc,NXT,558.1M,24
2023-02-09,Hesai Group Inc,HSAI,171.0M,19
2023-02-02,Structure Therapeutics,GPCR,134.3M,15
2023-02-02,Asset Entities Inc,ASST,7.5M,5
2023-02-01,Tailwind Acquisition Corp,TWNI,300.0M,10
2023-01-27,Brera Holdings Inc,BREA,7.5M,5
2023-01-26,Genelux Corp,GNLX,15.0M,6
2023-01-25,Quanta Sing Group Inc,QSG,40.6M,12.5
2023-01-19,Cadrenal Therapeutics Inc,CVKD,7.0M,5
2023-01-13,Mgo GLobal Inc,MGOL,20.9M,5
2023-01-13,Israel Acquisitions Corp,ISRLU,125.0M,10
2023-01-12,Skyward Specialty Ins Grp Inc,SKWD,127.5M,15
2023-06-30,Intensity Therapeutics Inc,INTS,16.3M,5
2023-06-30,Alliance Ent Holdings Inc,AENT,5.0M,3
2023-06-30,Vesta Real Estate Corp,VTMX,387.5M,31
2023-06-29,Gen Restaurants Group,GENK,36.0M,12
2023-06-29,Kodiak Gas Services Inc,KGS,256.0M,16
2023-06-29,Fidelis Insurance Holdings Ltd,FIHL,210.0M,14
2023-06-29,Savers Value Village Inc,SVV,337.5M,18
2023-06-16,Azitra Inc,AZTR,12.0M,5
2023-06-16,Branch Out Food Inc,BOF,6.6M,6
2023-06-15,Cava Group Inc,CAVA,317.8M,22
2023-06-15,Esh Acquisition Corp,ESHAU,100.0M,10
2023-05-26,Atmus Filtration Tech Inc,ATMU,275.4M,19.5
2023-05-05,Acelyrin Inc,SLRN,370.8M,18
2023-05-04,Kenvue Inc,KVUE,3.3B,22
2023-04-28,Interactive Strength Inc,TRNR,16.0M,8
2023-04-20,U Power Inc,UCAR,15.0M,6
2023-04-20,US Gold Mining Inc,USGO,15.4M,10
2023-04-20,Jayud Global Logistics Inc,JYD,6.0M,4
2023-04-20,Wang And Lee Group Inc,WLGS,8.0M,5
2023-04-18,Trio Petroleum Inc,TPET,6.9M,4
2023-04-18,Top Kingwin Ltd,TCJH,12.0M,4
2023-04-17,Pan American Silver Cor,PAAS,,-
2023-04-13,Golden Heaven Group Ltd,GDHG,8.0M,4
2023-04-13,Cyto Med Therapeutics Inc,GDTC,9.6M,4
2023-04-13,Vci Global Inc,VCIG,6.4M,4
2023-04-04,Ispire Technology Inc,ISPR,21.0M,7
2023-04-04,Millennium Group,MGIH,5.0M,4
2023-04-04,Arb Iot Group Ltd,ARBB,5.2M,4